payment_id,deterministic_exception,ai_prediction,ai_confidence,confidence_percent,confidence_band,second_prediction,second_confidence,ai_agrees_with_engine,disagreement_reason,review_category,review_priority,controller_decision,automated,human_review_required,actual_exception,deterministic_correct,ai_correct,settlement_exists,bank_transaction_exists,bank_transaction_count,bank_amount_difference,date_difference,date_within_tolerance,utr_present,utr_match_evidence,matching_utr_count,duplicate_evidence,fee_difference,tax_difference,net_difference
PAY0001,NO_EXCEPTION,NO_EXCEPTION,0.9994,99.94,HIGH,BANK_AMOUNT_MISMATCH,0.0006,1,AI_AGREES_WITH_ENGINE,NORMAL_RECONCILIATION,LOW,AUTO-CLEARED,1,0,NO_EXCEPTION,1,1,1,1,1,0.0,0,1,1,1,1,0,0.0,0.0,0.0
PAY0002,NO_EXCEPTION,NO_EXCEPTION,0.9973,99.73,HIGH,BANK_AMOUNT_MISMATCH,0.0026,1,AI_AGREES_WITH_ENGINE,NORMAL_RECONCILIATION,LOW,AUTO-CLEARED,1,0,NO_EXCEPTION,1,1,1,1,1,0.0,0,1,1,1,1,0,0.0,0.0,0.0
PAY0003,NO_EXCEPTION,NO_EXCEPTION,0.9975,99.75,HIGH,BANK_AMOUNT_MISMATCH,0.0025,1,AI_AGREES_WITH_ENGINE,NORMAL_RECONCILIATION,LOW,AUTO-CLEARED,1,0,NO_EXCEPTION,1,1,1,1,1,0.0,0,1,1,1,1,0,0.0,0.0,0.0
PAY0004,NO_EXCEPTION,NO_EXCEPTION,0.9994,99.94,HIGH,BANK_AMOUNT_MISMATCH,0.0006,1,AI_AGREES_WITH_ENGINE,NORMAL_RECONCILIATION,LOW,AUTO-CLEARED,1,0,NO_EXCEPTION,1,1,1,1,1,0.0,0,1,1,1,1,0,0.0,0.0,0.0
PAY0005,NO_EXCEPTION,NO_EXCEPTION,0.9995,99.95,HIGH,BANK_AMOUNT_MISMATCH,0.0005,1,AI_AGREES_WITH_ENGINE,NORMAL_RECONCILIATION,LOW,AUTO-CLEARED,1,0,NO_EXCEPTION,1,1,1,1,1,0.0,0,1,1,1,1,0,0.0,0.0,0.0
PAY0006,NO_EXCEPTION,NO_EXCEPTION,0.9997,99.97,HIGH,BANK_AMOUNT_MISMATCH,0.0003,1,AI_AGREES_WITH_ENGINE,NORMAL_RECONCILIATION,LOW,AUTO-CLEARED,1,0,NO_EXCEPTION,1,1,1,1,1,0.0,0,1,1,1,1,0,0.0,0.0,0.0
PAY0007,NO_EXCEPTION,NO_EXCEPTION,0.9999,99.99,HIGH,BANK_AMOUNT_MISMATCH,0.0001,1,AI_AGREES_WITH_ENGINE,NORMAL_RECONCILIATION,LOW,AUTO-CLEARED,1,0,NO_EXCEPTION,1,1,1,1,1,0.0,0,1,1,1,1,0,0.0,0.0,0.0
PAY0008,NO_EXCEPTION,NO_EXCEPTION,0.9994,99.94,HIGH,BANK_AMOUNT_MISMATCH,0.0006,1,AI_AGREES_WITH_ENGINE,NORMAL_RECONCILIATION,LOW,AUTO-CLEARED,1,0,NO_EXCEPTION,1,1,1,1,1,0.0,0,1,1,1,1,0,0.0,0.0,0.0
PAY0009,NO_EXCEPTION,NO_EXCEPTION,0.9975,99.75,HIGH,BANK_AMOUNT_MISMATCH,0.0025,1,AI_AGREES_WITH_ENGINE,NORMAL_RECONCILIATION,LOW,AUTO-CLEARED,1,0,NO_EXCEPTION,1,1,1,1,1,0.0,0,1,1,1,1,0,0.0,0.0,0.0
PAY0010,NO_EXCEPTION,NO_EXCEPTION,0.9997,99.97,HIGH,BANK_AMOUNT_MISMATCH,0.0003,1,AI_AGREES_WITH_ENGINE,NORMAL_RECONCILIATION,LOW,AUTO-CLEARED,1,0,NO_EXCEPTION,1,1,1,1,1,0.0,0,1,1,1,1,0,0.0,0.0,0.0
PAY0011,NO_EXCEPTION,NO_EXCEPTION,0.9995,99.95,HIGH,BANK_AMOUNT_MISMATCH,0.0005,1,AI_AGREES_WITH_ENGINE,NORMAL_RECONCILIATION,LOW,AUTO-CLEARED,1,0,NO_EXCEPTION,1,1,1,1,1,0.0,0,1,1,1,1,0,0.0,0.0,0.0
PAY0012,NO_EXCEPTION,NO_EXCEPTION,0.9995,99.95,HIGH,BANK_AMOUNT_MISMATCH,0.0005,1,AI_AGREES_WITH_ENGINE,NORMAL_RECONCILIATION,LOW,AUTO-CLEARED,1,0,NO_EXCEPTION,1,1,1,1,1,0.0,0,1,1,1,1,0,0.0,0.0,0.0
PAY0013,NO_EXCEPTION,NO_EXCEPTION,0.9975,99.75,HIGH,BANK_AMOUNT_MISMATCH,0.0025,1,AI_AGREES_WITH_ENGINE,NORMAL_RECONCILIATION,LOW,AUTO-CLEARED,1,0,NO_EXCEPTION,1,1,1,1,1,0.0,0,1,1,1,1,0,0.0,0.0,0.0
PAY0014,NO_EXCEPTION,NO_EXCEPTION,0.9997,99.97,HIGH,BANK_AMOUNT_MISMATCH,0.0003,1,AI_AGREES_WITH_ENGINE,NORMAL_RECONCILIATION,LOW,AUTO-CLEARED,1,0,NO_EXCEPTION,1,1,1,1,1,0.0,0,1,1,1,1,0,0.0,0.0,0.0
PAY0015,NO_EXCEPTION,NO_EXCEPTION,0.9999,99.99,HIGH,BANK_AMOUNT_MISMATCH,0.0001,1,AI_AGREES_WITH_ENGINE,NORMAL_RECONCILIATION,LOW,AUTO-CLEARED,1,0,NO_EXCEPTION,1,1,1,1,1,0.0,0,1,1,1,1,0,0.0,0.0,0.0
PAY0016,NO_EXCEPTION,NO_EXCEPTION,0.9984,99.84,HIGH,BANK_AMOUNT_MISMATCH,0.0015,1,AI_AGREES_WITH_ENGINE,NORMAL_RECONCILIATION,LOW,AUTO-CLEARED,1,0,NO_EXCEPTION,1,1,1,1,1,0.0,0,1,1,1,1,0,0.0,0.0,0.0
PAY0017,NO_EXCEPTION,NO_EXCEPTION,0.9973,99.73,HIGH,BANK_AMOUNT_MISMATCH,0.0026,1,AI_AGREES_WITH_ENGINE,NORMAL_RECONCILIATION,LOW,AUTO-CLEARED,1,0,NO_EXCEPTION,1,1,1,1,1,0.0,0,1,1,1,1,0,0.0,0.0,0.0
PAY0018,NO_EXCEPTION,NO_EXCEPTION,0.9975,99.75,HIGH,BANK_AMOUNT_MISMATCH,0.0025,1,AI_AGREES_WITH_ENGINE,NORMAL_RECONCILIATION,LOW,AUTO-CLEARED,1,0,NO_EXCEPTION,1,1,1,1,1,0.0,0,1,1,1,1,0,0.0,0.0,0.0
PAY0019,NO_EXCEPTION,NO_EXCEPTION,0.9994,99.94,HIGH,BANK_AMOUNT_MISMATCH,0.0006,1,AI_AGREES_WITH_ENGINE,NORMAL_RECONCILIATION,LOW,AUTO-CLEARED,1,0,NO_EXCEPTION,1,1,1,1,1,0.0,0,1,1,1,1,0,0.0,0.0,0.0
PAY0020,NO_EXCEPTION,NO_EXCEPTION,0.9984,99.84,HIGH,BANK_AMOUNT_MISMATCH,0.0015,1,AI_AGREES_WITH_ENGINE,NORMAL_RECONCILIATION,LOW,AUTO-CLEARED,1,0,NO_EXCEPTION,1,1,1,1,1,0.0,0,1,1,1,1,0,0.0,0.0,0.0
PAY0021,NO_EXCEPTION,NO_EXCEPTION,0.9989,99.89,HIGH,BANK_AMOUNT_MISMATCH,0.0011,1,AI_AGREES_WITH_ENGINE,NORMAL_RECONCILIATION,LOW,AUTO-CLEARED,1,0,NO_EXCEPTION,1,1,1,1,1,0.0,0,1,1,1,1,0,0.0,0.0,0.0
PAY0022,NO_EXCEPTION,NO_EXCEPTION,0.9997,99.97,HIGH,BANK_AMOUNT_MISMATCH,0.0003,1,AI_AGREES_WITH_ENGINE,NORMAL_RECONCILIATION,LOW,AUTO-CLEARED,1,0,NO_EXCEPTION,1,1,1,1,1,0.0,0,1,1,1,1,0,0.0,0.0,0.0
PAY0023,NO_EXCEPTION,NO_EXCEPTION,0.9999,99.99,HIGH,BANK_AMOUNT_MISMATCH,0.0001,1,AI_AGREES_WITH_ENGINE,NORMAL_RECONCILIATION,LOW,AUTO-CLEARED,1,0,NO_EXCEPTION,1,1,1,1,1,0.0,0,1,1,1,1,0,0.0,0.0,0.0
PAY0024,NO_EXCEPTION,NO_EXCEPTION,0.9995,99.95,HIGH,BANK_AMOUNT_MISMATCH,0.0005,1,AI_AGREES_WITH_ENGINE,NORMAL_RECONCILIATION,LOW,AUTO-CLEARED,1,0,NO_EXCEPTION,1,1,1,1,1,0.0,0,1,1,1,1,0,0.0,0.0,0.0
PAY0025,NO_EXCEPTION,NO_EXCEPTION,0.9984,99.84,HIGH,BANK_AMOUNT_MISMATCH,0.0015,1,AI_AGREES_WITH_ENGINE,NORMAL_RECONCILIATION,LOW,AUTO-CLEARED,1,0,NO_EXCEPTION,1,1,1,1,1,0.0,0,1,1,1,1,0,0.0,0.0,0.0
PAY0026,NO_EXCEPTION,NO_EXCEPTION,0.9995,99.95,HIGH,BANK_AMOUNT_MISMATCH,0.0005,1,AI_AGREES_WITH_ENGINE,NORMAL_RECONCILIATION,LOW,AUTO-CLEARED,1,0,NO_EXCEPTION,1,1,1,1,1,0.0,0,1,1,1,1,0,0.0,0.0,0.0
PAY0027,NO_EXCEPTION,NO_EXCEPTION,0.9997,99.97,HIGH,BANK_AMOUNT_MISMATCH,0.0003,1,AI_AGREES_WITH_ENGINE,NORMAL_RECONCILIATION,LOW,AUTO-CLEARED,1,0,NO_EXCEPTION,1,1,1,1,1,0.0,0,1,1,1,1,0,0.0,0.0,0.0
PAY0028,NO_EXCEPTION,NO_EXCEPTION,0.9997,99.97,HIGH,BANK_AMOUNT_MISMATCH,0.0003,1,AI_AGREES_WITH_ENGINE,NORMAL_RECONCILIATION,LOW,AUTO-CLEARED,1,0,NO_EXCEPTION,1,1,1,1,1,0.0,0,1,1,1,1,0,0.0,0.0,0.0
PAY0029,NO_EXCEPTION,NO_EXCEPTION,0.9994,99.94,HIGH,BANK_AMOUNT_MISMATCH,0.0006,1,AI_AGREES_WITH_ENGINE,NORMAL_RECONCILIATION,LOW,AUTO-CLEARED,1,0,NO_EXCEPTION,1,1,1,1,1,0.0,0,1,1,1,1,0,0.0,0.0,0.0
PAY0030,NO_EXCEPTION,NO_EXCEPTION,0.9975,99.75,HIGH,BANK_AMOUNT_MISMATCH,0.0025,1,AI_AGREES_WITH_ENGINE,NORMAL_RECONCILIATION,LOW,AUTO-CLEARED,1,0,NO_EXCEPTION,1,1,1,1,1,0.0,0,1,1,1,1,0,0.0,0.0,0.0
PAY0031,DATE_MISMATCH,NO_EXCEPTION,0.9994,99.94,HIGH,BANK_AMOUNT_MISMATCH,0.0006,0,AI_FAILED_TO_DETECT_EXCEPTION,AI_FALSE_NEGATIVE_RISK,HIGH,MANDATORY REVIEW,0,1,DATE_MISMATCH,1,0,1,1,1,0.0,13,0,1,1,1,0,0.0,0.0,0.0
PAY0032,NO_EXCEPTION,NO_EXCEPTION,0.9994,99.94,HIGH,BANK_AMOUNT_MISMATCH,0.0006,1,AI_AGREES_WITH_ENGINE,NORMAL_RECONCILIATION,LOW,AUTO-CLEARED,1,0,NO_EXCEPTION,1,1,1,1,1,0.0,0,1,1,1,1,0,0.0,0.0,0.0
PAY0033,NO_EXCEPTION,NO_EXCEPTION,0.9973,99.73,HIGH,BANK_AMOUNT_MISMATCH,0.0026,1,AI_AGREES_WITH_ENGINE,NORMAL_RECONCILIATION,LOW,AUTO-CLEARED,1,0,NO_EXCEPTION,1,1,1,1,1,0.0,0,1,1,1,1,0,0.0,0.0,0.0
PAY0034,NO_EXCEPTION,NO_EXCEPTION,0.9989,99.89,HIGH,BANK_AMOUNT_MISMATCH,0.0011,1,AI_AGREES_WITH_ENGINE,NORMAL_RECONCILIATION,LOW,AUTO-CLEARED,1,0,NO_EXCEPTION,1,1,1,1,1,0.0,0,1,1,1,1,0,0.0,0.0,0.0
PAY0035,NO_EXCEPTION,NO_EXCEPTION,0.9989,99.89,HIGH,BANK_AMOUNT_MISMATCH,0.0011,1,AI_AGREES_WITH_ENGINE,NORMAL_RECONCILIATION,LOW,AUTO-CLEARED,1,0,NO_EXCEPTION,1,1,1,1,1,0.0,0,1,1,1,1,0,0.0,0.0,0.0
PAY0036,NO_EXCEPTION,NO_EXCEPTION,0.9975,99.75,HIGH,BANK_AMOUNT_MISMATCH,0.0025,1,AI_AGREES_WITH_ENGINE,NORMAL_RECONCILIATION,LOW,AUTO-CLEARED,1,0,NO_EXCEPTION,1,1,1,1,1,0.0,0,1,1,1,1,0,0.0,0.0,0.0
PAY0037,NO_EXCEPTION,NO_EXCEPTION,0.9973,99.73,HIGH,BANK_AMOUNT_MISMATCH,0.0026,1,AI_AGREES_WITH_ENGINE,NORMAL_RECONCILIATION,LOW,AUTO-CLEARED,1,0,NO_EXCEPTION,1,1,1,1,1,0.0,0,1,1,1,1,0,0.0,0.0,0.0
PAY0038,NO_EXCEPTION,NO_EXCEPTION,0.9994,99.94,HIGH,BANK_AMOUNT_MISMATCH,0.0006,1,AI_AGREES_WITH_ENGINE,NORMAL_RECONCILIATION,LOW,AUTO-CLEARED,1,0,NO_EXCEPTION,1,1,1,1,1,0.0,0,1,1,1,1,0,0.0,0.0,0.0
PAY0039,NO_EXCEPTION,NO_EXCEPTION,0.9976,99.76,HIGH,BANK_AMOUNT_MISMATCH,0.0024,1,AI_AGREES_WITH_ENGINE,NORMAL_RECONCILIATION,LOW,AUTO-CLEARED,1,0,NO_EXCEPTION,1,1,1,1,1,0.0,0,1,1,1,1,0,0.0,0.0,0.0
PAY0040,NO_EXCEPTION,NO_EXCEPTION,0.9975,99.75,HIGH,BANK_AMOUNT_MISMATCH,0.0025,1,AI_AGREES_WITH_ENGINE,NORMAL_RECONCILIATION,LOW,AUTO-CLEARED,1,0,NO_EXCEPTION,1,1,1,1,1,0.0,0,1,1,1,1,0,0.0,0.0,0.0
PAY0041,NO_EXCEPTION,NO_EXCEPTION,0.994,99.4,HIGH,BANK_AMOUNT_MISMATCH,0.0059,1,AI_AGREES_WITH_ENGINE,NORMAL_RECONCILIATION,LOW,AUTO-CLEARED,1,0,NO_EXCEPTION,1,1,1,1,1,0.0,0,1,1,1,1,0,0.0,0.0,0.0
PAY0042,NO_EXCEPTION,NO_EXCEPTION,0.9973,99.73,HIGH,BANK_AMOUNT_MISMATCH,0.0026,1,AI_AGREES_WITH_ENGINE,NORMAL_RECONCILIATION,LOW,AUTO-CLEARED,1,0,NO_EXCEPTION,1,1,1,1,1,0.0,0,1,1,1,1,0,0.0,0.0,0.0
PAY0043,FEE_MISMATCH,FEE_MISMATCH,0.9999,99.99,HIGH,NO_EXCEPTION,0.0001,1,AI_AGREES_WITH_ENGINE,CONFIRMED_EXCEPTION,MEDIUM,AUTO-CLASSIFIED EXCEPTION,1,0,FEE_MISMATCH,1,1,1,1,1,300.0,0,1,1,1,1,0,300.0,0.0,300.0
PAY0044,DATE_MISMATCH,NO_EXCEPTION,0.9989,99.89,HIGH,BANK_AMOUNT_MISMATCH,0.0011,0,AI_FAILED_TO_DETECT_EXCEPTION,AI_FALSE_NEGATIVE_RISK,HIGH,MANDATORY REVIEW,0,1,DATE_MISMATCH,1,0,1,1,1,0.0,14,0,1,1,1,0,0.0,0.0,0.0
PAY0045,NO_EXCEPTION,NO_EXCEPTION,0.9975,99.75,HIGH,BANK_AMOUNT_MISMATCH,0.0025,1,AI_AGREES_WITH_ENGINE,NORMAL_RECONCILIATION,LOW,AUTO-CLEARED,1,0,NO_EXCEPTION,1,1,1,1,1,0.0,0,1,1,1,1,0,0.0,0.0,0.0
PAY0046,DATE_MISMATCH,NO_EXCEPTION,0.9989,99.89,HIGH,BANK_AMOUNT_MISMATCH,0.0011,0,AI_FAILED_TO_DETECT_EXCEPTION,AI_FALSE_NEGATIVE_RISK,HIGH,MANDATORY REVIEW,0,1,DATE_MISMATCH,1,0,1,1,1,0.0,17,0,1,1,1,0,0.0,0.0,0.0
PAY0047,NO_EXCEPTION,NO_EXCEPTION,0.9973,99.73,HIGH,BANK_AMOUNT_MISMATCH,0.0026,1,AI_AGREES_WITH_ENGINE,NORMAL_RECONCILIATION,LOW,AUTO-CLEARED,1,0,NO_EXCEPTION,1,1,1,1,1,0.0,0,1,1,1,1,0,0.0,0.0,0.0
PAY0048,NO_EXCEPTION,NO_EXCEPTION,0.9975,99.75,HIGH,BANK_AMOUNT_MISMATCH,0.0025,1,AI_AGREES_WITH_ENGINE,NORMAL_RECONCILIATION,LOW,AUTO-CLEARED,1,0,NO_EXCEPTION,1,1,1,1,1,0.0,0,1,1,1,1,0,0.0,0.0,0.0
PAY0049,NO_EXCEPTION,NO_EXCEPTION,0.9989,99.89,HIGH,BANK_AMOUNT_MISMATCH,0.0011,1,AI_AGREES_WITH_ENGINE,NORMAL_RECONCILIATION,LOW,AUTO-CLEARED,1,0,NO_EXCEPTION,1,1,1,1,1,0.0,0,1,1,1,1,0,0.0,0.0,0.0
PAY0050,NO_EXCEPTION,NO_EXCEPTION,0.994,99.4,HIGH,BANK_AMOUNT_MISMATCH,0.0059,1,AI_AGREES_WITH_ENGINE,NORMAL_RECONCILIATION,LOW,AUTO-CLEARED,1,0,NO_EXCEPTION,1,1,1,1,1,0.0,0,1,1,1,1,0,0.0,0.0,0.0
PAY0051,NO_EXCEPTION,NO_EXCEPTION,0.994,99.4,HIGH,BANK_AMOUNT_MISMATCH,0.0059,1,AI_AGREES_WITH_ENGINE,NORMAL_RECONCILIATION,LOW,AUTO-CLEARED,1,0,NO_EXCEPTION,1,1,1,1,1,0.0,0,1,1,1,1,0,0.0,0.0,0.0
PAY0052,NO_EXCEPTION,NO_EXCEPTION,0.9973,99.73,HIGH,BANK_AMOUNT_MISMATCH,0.0026,1,AI_AGREES_WITH_ENGINE,NORMAL_RECONCILIATION,LOW,AUTO-CLEARED,1,0,NO_EXCEPTION,1,1,1,1,1,0.0,0,1,1,1,1,0,0.0,0.0,0.0
PAY0053,NO_EXCEPTION,NO_EXCEPTION,0.9975,99.75,HIGH,BANK_AMOUNT_MISMATCH,0.0025,1,AI_AGREES_WITH_ENGINE,NORMAL_RECONCILIATION,LOW,AUTO-CLEARED,1,0,NO_EXCEPTION,1,1,1,1,1,0.0,0,1,1,1,1,0,0.0,0.0,0.0
PAY0054,NO_EXCEPTION,NO_EXCEPTION,0.9995,99.95,HIGH,BANK_AMOUNT_MISMATCH,0.0005,1,AI_AGREES_WITH_ENGINE,NORMAL_RECONCILIATION,LOW,AUTO-CLEARED,1,0,NO_EXCEPTION,1,1,1,1,1,0.0,0,1,1,1,1,0,0.0,0.0,0.0
PAY0055,NO_EXCEPTION,NO_EXCEPTION,0.9997,99.97,HIGH,BANK_AMOUNT_MISMATCH,0.0003,1,AI_AGREES_WITH_ENGINE,NORMAL_RECONCILIATION,LOW,AUTO-CLEARED,1,0,NO_EXCEPTION,1,1,1,1,1,0.0,0,1,1,1,1,0,0.0,0.0,0.0
PAY0056,NO_EXCEPTION,NO_EXCEPTION,0.9997,99.97,HIGH,BANK_AMOUNT_MISMATCH,0.0003,1,AI_AGREES_WITH_ENGINE,NORMAL_RECONCILIATION,LOW,AUTO-CLEARED,1,0,NO_EXCEPTION,1,1,1,1,1,0.0,0,1,1,1,1,0,0.0,0.0,0.0
PAY0057,NO_EXCEPTION,NO_EXCEPTION,0.9989,99.89,HIGH,BANK_AMOUNT_MISMATCH,0.0011,1,AI_AGREES_WITH_ENGINE,NORMAL_RECONCILIATION,LOW,AUTO-CLEARED,1,0,NO_EXCEPTION,1,1,1,1,1,0.0,0,1,1,1,1,0,0.0,0.0,0.0
PAY0058,NO_EXCEPTION,NO_EXCEPTION,0.9976,99.76,HIGH,BANK_AMOUNT_MISMATCH,0.0024,1,AI_AGREES_WITH_ENGINE,NORMAL_RECONCILIATION,LOW,AUTO-CLEARED,1,0,NO_EXCEPTION,1,1,1,1,1,0.0,0,1,1,1,1,0,0.0,0.0,0.0
PAY0059,NO_EXCEPTION,NO_EXCEPTION,0.994,99.4,HIGH,BANK_AMOUNT_MISMATCH,0.0059,1,AI_AGREES_WITH_ENGINE,NORMAL_RECONCILIATION,LOW,AUTO-CLEARED,1,0,NO_EXCEPTION,1,1,1,1,1,0.0,0,1,1,1,1,0,0.0,0.0,0.0
PAY0060,NO_EXCEPTION,NO_EXCEPTION,0.9999,99.99,HIGH,BANK_AMOUNT_MISMATCH,0.0001,1,AI_AGREES_WITH_ENGINE,NORMAL_RECONCILIATION,LOW,AUTO-CLEARED,1,0,NO_EXCEPTION,1,1,1,1,1,0.0,0,1,1,1,1,0,0.0,0.0,0.0
PAY0061,NO_EXCEPTION,NO_EXCEPTION,0.9976,99.76,HIGH,BANK_AMOUNT_MISMATCH,0.0024,1,AI_AGREES_WITH_ENGINE,NORMAL_RECONCILIATION,LOW,AUTO-CLEARED,1,0,NO_EXCEPTION,1,1,1,1,1,0.0,0,1,1,1,1,0,0.0,0.0,0.0
PAY0062,NO_EXCEPTION,NO_EXCEPTION,0.9976,99.76,HIGH,BANK_AMOUNT_MISMATCH,0.0024,1,AI_AGREES_WITH_ENGINE,NORMAL_RECONCILIATION,LOW,AUTO-CLEARED,1,0,NO_EXCEPTION,1,1,1,1,1,0.0,0,1,1,1,1,0,0.0,0.0,0.0
PAY0063,NO_EXCEPTION,NO_EXCEPTION,0.9984,99.84,HIGH,BANK_AMOUNT_MISMATCH,0.0015,1,AI_AGREES_WITH_ENGINE,NORMAL_RECONCILIATION,LOW,AUTO-CLEARED,1,0,NO_EXCEPTION,1,1,1,1,1,0.0,0,1,1,1,1,0,0.0,0.0,0.0
PAY0064,NO_EXCEPTION,NO_EXCEPTION,0.9994,99.94,HIGH,BANK_AMOUNT_MISMATCH,0.0006,1,AI_AGREES_WITH_ENGINE,NORMAL_RECONCILIATION,LOW,AUTO-CLEARED,1,0,NO_EXCEPTION,1,1,1,1,1,0.0,0,1,1,1,1,0,0.0,0.0,0.0
PAY0065,NO_EXCEPTION,NO_EXCEPTION,0.9984,99.84,HIGH,BANK_AMOUNT_MISMATCH,0.0015,1,AI_AGREES_WITH_ENGINE,NORMAL_RECONCILIATION,LOW,AUTO-CLEARED,1,0,NO_EXCEPTION,1,1,1,1,1,0.0,0,1,1,1,1,0,0.0,0.0,0.0
PAY0066,NO_EXCEPTION,NO_EXCEPTION,0.994,99.4,HIGH,BANK_AMOUNT_MISMATCH,0.0059,1,AI_AGREES_WITH_ENGINE,NORMAL_RECONCILIATION,LOW,AUTO-CLEARED,1,0,NO_EXCEPTION,1,1,1,1,1,0.0,0,1,1,1,1,0,0.0,0.0,0.0
PAY0067,NO_EXCEPTION,NO_EXCEPTION,0.9973,99.73,HIGH,BANK_AMOUNT_MISMATCH,0.0026,1,AI_AGREES_WITH_ENGINE,NORMAL_RECONCILIATION,LOW,AUTO-CLEARED,1,0,NO_EXCEPTION,1,1,1,1,1,0.0,0,1,1,1,1,0,0.0,0.0,0.0
PAY0068,NO_EXCEPTION,NO_EXCEPTION,0.9999,99.99,HIGH,BANK_AMOUNT_MISMATCH,0.0001,1,AI_AGREES_WITH_ENGINE,NORMAL_RECONCILIATION,LOW,AUTO-CLEARED,1,0,NO_EXCEPTION,1,1,1,1,1,0.0,0,1,1,1,1,0,0.0,0.0,0.0
PAY0069,MISSING_SETTLEMENT,MISSING_SETTLEMENT,0.8564,85.64,MEDIUM,NO_EXCEPTION,0.1429,1,AI_AGREES_WITH_ENGINE,CONFIRMED_EXCEPTION,HIGH,REVIEW RECOMMENDED,0,0,MISSING_SETTLEMENT,1,1,0,0,0,0.0,0,1,0,0,0,0,15.0,2.7,732.3
PAY0070,NO_EXCEPTION,NO_EXCEPTION,0.9995,99.95,HIGH,BANK_AMOUNT_MISMATCH,0.0005,1,AI_AGREES_WITH_ENGINE,NORMAL_RECONCILIATION,LOW,AUTO-CLEARED,1,0,NO_EXCEPTION,1,1,1,1,1,0.0,0,1,1,1,1,0,0.0,0.0,0.0
PAY0071,NO_EXCEPTION,NO_EXCEPTION,0.9989,99.89,HIGH,BANK_AMOUNT_MISMATCH,0.0011,1,AI_AGREES_WITH_ENGINE,NORMAL_RECONCILIATION,LOW,AUTO-CLEARED,1,0,NO_EXCEPTION,1,1,1,1,1,0.0,0,1,1,1,1,0,0.0,0.0,0.0
PAY0072,NO_EXCEPTION,NO_EXCEPTION,0.9973,99.73,HIGH,BANK_AMOUNT_MISMATCH,0.0026,1,AI_AGREES_WITH_ENGINE,NORMAL_RECONCILIATION,LOW,AUTO-CLEARED,1,0,NO_EXCEPTION,1,1,1,1,1,0.0,0,1,1,1,1,0,0.0,0.0,0.0
PAY0073,DUPLICATE_BANK_TRANSACTION,DUPLICATE_BANK_TRANSACTION,0.9996,99.96,HIGH,NO_EXCEPTION,0.0004,1,AI_AGREES_WITH_ENGINE,CONFIRMED_EXCEPTION,MEDIUM,AUTO-CLASSIFIED EXCEPTION,1,0,DUPLICATE_BANK_TRANSACTION,1,1,1,1,2,0.0,0,1,1,1,2,1,0.0,0.0,0.0
PAY0074,NO_EXCEPTION,NO_EXCEPTION,0.9999,99.99,HIGH,BANK_AMOUNT_MISMATCH,0.0001,1,AI_AGREES_WITH_ENGINE,NORMAL_RECONCILIATION,LOW,AUTO-CLEARED,1,0,NO_EXCEPTION,1,1,1,1,1,0.0,0,1,1,1,1,0,0.0,0.0,0.0
PAY0075,NO_EXCEPTION,NO_EXCEPTION,0.9995,99.95,HIGH,BANK_AMOUNT_MISMATCH,0.0005,1,AI_AGREES_WITH_ENGINE,NORMAL_RECONCILIATION,LOW,AUTO-CLEARED,1,0,NO_EXCEPTION,1,1,1,1,1,0.0,0,1,1,1,1,0,0.0,0.0,0.0
PAY0076,NO_EXCEPTION,NO_EXCEPTION,0.9995,99.95,HIGH,BANK_AMOUNT_MISMATCH,0.0005,1,AI_AGREES_WITH_ENGINE,NORMAL_RECONCILIATION,LOW,AUTO-CLEARED,1,0,NO_EXCEPTION,1,1,1,1,1,0.0,0,1,1,1,1,0,0.0,0.0,0.0
PAY0077,NO_EXCEPTION,NO_EXCEPTION,0.9973,99.73,HIGH,BANK_AMOUNT_MISMATCH,0.0026,1,AI_AGREES_WITH_ENGINE,NORMAL_RECONCILIATION,LOW,AUTO-CLEARED,1,0,NO_EXCEPTION,1,1,1,1,1,0.0,0,1,1,1,1,0,0.0,0.0,0.0
PAY0078,NO_EXCEPTION,NO_EXCEPTION,0.9995,99.95,HIGH,BANK_AMOUNT_MISMATCH,0.0005,1,AI_AGREES_WITH_ENGINE,NORMAL_RECONCILIATION,LOW,AUTO-CLEARED,1,0,NO_EXCEPTION,1,1,1,1,1,0.0,0,1,1,1,1,0,0.0,0.0,0.0
PAY0079,NO_EXCEPTION,NO_EXCEPTION,0.9975,99.75,HIGH,BANK_AMOUNT_MISMATCH,0.0025,1,AI_AGREES_WITH_ENGINE,NORMAL_RECONCILIATION,LOW,AUTO-CLEARED,1,0,NO_EXCEPTION,1,1,1,1,1,0.0,0,1,1,1,1,0,0.0,0.0,0.0
PAY0080,NO_EXCEPTION,NO_EXCEPTION,0.9989,99.89,HIGH,BANK_AMOUNT_MISMATCH,0.0011,1,AI_AGREES_WITH_ENGINE,NORMAL_RECONCILIATION,LOW,AUTO-CLEARED,1,0,NO_EXCEPTION,1,1,1,1,1,0.0,0,1,1,1,1,0,0.0,0.0,0.0
PAY0081,NO_EXCEPTION,NO_EXCEPTION,0.9995,99.95,HIGH,BANK_AMOUNT_MISMATCH,0.0005,1,AI_AGREES_WITH_ENGINE,NORMAL_RECONCILIATION,LOW,AUTO-CLEARED,1,0,NO_EXCEPTION,1,1,1,1,1,0.0,0,1,1,1,1,0,0.0,0.0,0.0
PAY0082,NO_EXCEPTION,NO_EXCEPTION,0.9999,99.99,HIGH,BANK_AMOUNT_MISMATCH,0.0001,1,AI_AGREES_WITH_ENGINE,NORMAL_RECONCILIATION,LOW,AUTO-CLEARED,1,0,NO_EXCEPTION,1,1,1,1,1,0.0,0,1,1,1,1,0,0.0,0.0,0.0
PAY0083,NO_EXCEPTION,NO_EXCEPTION,0.9989,99.89,HIGH,BANK_AMOUNT_MISMATCH,0.0011,1,AI_AGREES_WITH_ENGINE,NORMAL_RECONCILIATION,LOW,AUTO-CLEARED,1,0,NO_EXCEPTION,1,1,1,1,1,0.0,0,1,1,1,1,0,0.0,0.0,0.0
PAY0084,NO_EXCEPTION,NO_EXCEPTION,0.9999,99.99,HIGH,BANK_AMOUNT_MISMATCH,0.0001,1,AI_AGREES_WITH_ENGINE,NORMAL_RECONCILIATION,LOW,AUTO-CLEARED,1,0,NO_EXCEPTION,1,1,1,1,1,0.0,0,1,1,1,1,0,0.0,0.0,0.0
PAY0085,NO_EXCEPTION,NO_EXCEPTION,0.9989,99.89,HIGH,BANK_AMOUNT_MISMATCH,0.0011,1,AI_AGREES_WITH_ENGINE,NORMAL_RECONCILIATION,LOW,AUTO-CLEARED,1,0,NO_EXCEPTION,1,1,1,1,1,0.0,0,1,1,1,1,0,0.0,0.0,0.0
PAY0086,NO_EXCEPTION,NO_EXCEPTION,0.9975,99.75,HIGH,BANK_AMOUNT_MISMATCH,0.0025,1,AI_AGREES_WITH_ENGINE,NORMAL_RECONCILIATION,LOW,AUTO-CLEARED,1,0,NO_EXCEPTION,1,1,1,1,1,0.0,0,1,1,1,1,0,0.0,0.0,0.0
PAY0087,MISSING_SETTLEMENT,MISSING_SETTLEMENT,0.8297,82.97,MEDIUM,NO_EXCEPTION,0.1697,1,AI_AGREES_WITH_ENGINE,CONFIRMED_EXCEPTION,HIGH,REVIEW RECOMMENDED,0,0,MISSING_SETTLEMENT,1,1,0,0,0,0.0,0,1,0,0,0,0,30.0,5.4,1464.6
PAY0088,NO_EXCEPTION,NO_EXCEPTION,0.9994,99.94,HIGH,BANK_AMOUNT_MISMATCH,0.0006,1,AI_AGREES_WITH_ENGINE,NORMAL_RECONCILIATION,LOW,AUTO-CLEARED,1,0,NO_EXCEPTION,1,1,1,1,1,0.0,0,1,1,1,1,0,0.0,0.0,0.0
PAY0089,DATE_MISMATCH,NO_EXCEPTION,0.994,99.4,HIGH,BANK_AMOUNT_MISMATCH,0.0059,0,AI_FAILED_TO_DETECT_EXCEPTION,AI_FALSE_NEGATIVE_RISK,HIGH,MANDATORY REVIEW,0,1,DATE_MISMATCH,1,0,1,1,1,0.0,16,0,1,1,1,0,0.0,0.0,0.0
PAY0090,NO_EXCEPTION,NO_EXCEPTION,0.9995,99.95,HIGH,BANK_AMOUNT_MISMATCH,0.0005,1,AI_AGREES_WITH_ENGINE,NORMAL_RECONCILIATION,LOW,AUTO-CLEARED,1,0,NO_EXCEPTION,1,1,1,1,1,0.0,0,1,1,1,1,0,0.0,0.0,0.0
PAY0091,UTR_MISMATCH,UTR_MISMATCH,0.9607,96.07,HIGH,NO_EXCEPTION,0.0388,1,AI_AGREES_WITH_ENGINE,CONFIRMED_EXCEPTION,MEDIUM,AUTO-CLASSIFIED EXCEPTION,1,0,UTR_MISMATCH,1,1,1,0,0,0.0,0,1,1,0,0,0,0.0,0.0,0.0
PAY0092,NO_EXCEPTION,NO_EXCEPTION,0.994,99.4,HIGH,BANK_AMOUNT_MISMATCH,0.0059,1,AI_AGREES_WITH_ENGINE,NORMAL_RECONCILIATION,LOW,AUTO-CLEARED,1,0,NO_EXCEPTION,1,1,1,1,1,0.0,0,1,1,1,1,0,0.0,0.0,0.0
PAY0093,NO_EXCEPTION,NO_EXCEPTION,0.9976,99.76,HIGH,BANK_AMOUNT_MISMATCH,0.0024,1,AI_AGREES_WITH_ENGINE,NORMAL_RECONCILIATION,LOW,AUTO-CLEARED,1,0,NO_EXCEPTION,1,1,1,1,1,0.0,0,1,1,1,1,0,0.0,0.0,0.0
PAY0094,NO_EXCEPTION,NO_EXCEPTION,0.9995,99.95,HIGH,BANK_AMOUNT_MISMATCH,0.0005,1,AI_AGREES_WITH_ENGINE,NORMAL_RECONCILIATION,LOW,AUTO-CLEARED,1,0,NO_EXCEPTION,1,1,1,1,1,0.0,0,1,1,1,1,0,0.0,0.0,0.0
PAY0095,NO_EXCEPTION,NO_EXCEPTION,0.9984,99.84,HIGH,BANK_AMOUNT_MISMATCH,0.0015,1,AI_AGREES_WITH_ENGINE,NORMAL_RECONCILIATION,LOW,AUTO-CLEARED,1,0,NO_EXCEPTION,1,1,1,1,1,0.0,0,1,1,1,1,0,0.0,0.0,0.0
PAY0096,NO_EXCEPTION,NO_EXCEPTION,0.9995,99.95,HIGH,BANK_AMOUNT_MISMATCH,0.0005,1,AI_AGREES_WITH_ENGINE,NORMAL_RECONCILIATION,LOW,AUTO-CLEARED,1,0,NO_EXCEPTION,1,1,1,1,1,0.0,0,1,1,1,1,0,0.0,0.0,0.0
PAY0097,NO_EXCEPTION,NO_EXCEPTION,0.9973,99.73,HIGH,BANK_AMOUNT_MISMATCH,0.0026,1,AI_AGREES_WITH_ENGINE,NORMAL_RECONCILIATION,LOW,AUTO-CLEARED,1,0,NO_EXCEPTION,1,1,1,1,1,0.0,0,1,1,1,1,0,0.0,0.0,0.0
PAY0098,NO_EXCEPTION,NO_EXCEPTION,0.9989,99.89,HIGH,BANK_AMOUNT_MISMATCH,0.0011,1,AI_AGREES_WITH_ENGINE,NORMAL_RECONCILIATION,LOW,AUTO-CLEARED,1,0,NO_EXCEPTION,1,1,1,1,1,0.0,0,1,1,1,1,0,0.0,0.0,0.0
PAY0099,NO_EXCEPTION,NO_EXCEPTION,0.9995,99.95,HIGH,BANK_AMOUNT_MISMATCH,0.0005,1,AI_AGREES_WITH_ENGINE,NORMAL_RECONCILIATION,LOW,AUTO-CLEARED,1,0,NO_EXCEPTION,1,1,1,1,1,0.0,0,1,1,1,1,0,0.0,0.0,0.0
PAY0100,NO_EXCEPTION,NO_EXCEPTION,0.9994,99.94,HIGH,BANK_AMOUNT_MISMATCH,0.0006,1,AI_AGREES_WITH_ENGINE,NORMAL_RECONCILIATION,LOW,AUTO-CLEARED,1,0,NO_EXCEPTION,1,1,1,1,1,0.0,0,1,1,1,1,0,0.0,0.0,0.0
PAY0101,NO_EXCEPTION,NO_EXCEPTION,0.9975,99.75,HIGH,BANK_AMOUNT_MISMATCH,0.0025,1,AI_AGREES_WITH_ENGINE,NORMAL_RECONCILIATION,LOW,AUTO-CLEARED,1,0,NO_EXCEPTION,1,1,1,1,1,0.0,0,1,1,1,1,0,0.0,0.0,0.0
PAY0102,NO_EXCEPTION,NO_EXCEPTION,0.9989,99.89,HIGH,BANK_AMOUNT_MISMATCH,0.0011,1,AI_AGREES_WITH_ENGINE,NORMAL_RECONCILIATION,LOW,AUTO-CLEARED,1,0,NO_EXCEPTION,1,1,1,1,1,0.0,0,1,1,1,1,0,0.0,0.0,0.0
PAY0103,NO_EXCEPTION,NO_EXCEPTION,0.9997,99.97,HIGH,BANK_AMOUNT_MISMATCH,0.0003,1,AI_AGREES_WITH_ENGINE,NORMAL_RECONCILIATION,LOW,AUTO-CLEARED,1,0,NO_EXCEPTION,1,1,1,1,1,0.0,0,1,1,1,1,0,0.0,0.0,0.0
PAY0104,BANK_AMOUNT_MISMATCH,FEE_MISMATCH,0.9982,99.82,HIGH,NO_EXCEPTION,0.0018,0,AI_EXCEPTION_TYPE_DISAGREEMENT,EXCEPTION_CLASS_DISAGREEMENT,HIGH,MANDATORY REVIEW,0,1,BANK_AMOUNT_MISMATCH,1,0,1,1,1,400.0,0,1,1,1,1,0,0.0,0.0,0.0
PAY0105,NO_EXCEPTION,NO_EXCEPTION,0.9975,99.75,HIGH,BANK_AMOUNT_MISMATCH,0.0025,1,AI_AGREES_WITH_ENGINE,NORMAL_RECONCILIATION,LOW,AUTO-CLEARED,1,0,NO_EXCEPTION,1,1,1,1,1,0.0,0,1,1,1,1,0,0.0,0.0,0.0
PAY0106,FEE_MISMATCH,FEE_MISMATCH,0.9999,99.99,HIGH,NO_EXCEPTION,0.0001,1,AI_AGREES_WITH_ENGINE,CONFIRMED_EXCEPTION,MEDIUM,AUTO-CLASSIFIED EXCEPTION,1,0,FEE_MISMATCH,1,1,1,1,1,300.0,0,1,1,1,1,0,300.0,0.0,300.0
PAY0107,NO_EXCEPTION,NO_EXCEPTION,0.9999,99.99,HIGH,BANK_AMOUNT_MISMATCH,0.0001,1,AI_AGREES_WITH_ENGINE,NORMAL_RECONCILIATION,LOW,AUTO-CLEARED,1,0,NO_EXCEPTION,1,1,1,1,1,0.0,0,1,1,1,1,0,0.0,0.0,0.0
PAY0108,NO_EXCEPTION,NO_EXCEPTION,0.9994,99.94,HIGH,BANK_AMOUNT_MISMATCH,0.0006,1,AI_AGREES_WITH_ENGINE,NORMAL_RECONCILIATION,LOW,AUTO-CLEARED,1,0,NO_EXCEPTION,1,1,1,1,1,0.0,0,1,1,1,1,0,0.0,0.0,0.0
PAY0109,NO_EXCEPTION,NO_EXCEPTION,0.9989,99.89,HIGH,BANK_AMOUNT_MISMATCH,0.0011,1,AI_AGREES_WITH_ENGINE,NORMAL_RECONCILIATION,LOW,AUTO-CLEARED,1,0,NO_EXCEPTION,1,1,1,1,1,0.0,0,1,1,1,1,0,0.0,0.0,0.0
PAY0110,NO_EXCEPTION,NO_EXCEPTION,0.9995,99.95,HIGH,BANK_AMOUNT_MISMATCH,0.0005,1,AI_AGREES_WITH_ENGINE,NORMAL_RECONCILIATION,LOW,AUTO-CLEARED,1,0,NO_EXCEPTION,1,1,1,1,1,0.0,0,1,1,1,1,0,0.0,0.0,0.0
PAY0111,BANK_AMOUNT_MISMATCH,FEE_MISMATCH,0.9984,99.84,HIGH,NO_EXCEPTION,0.0016,0,AI_EXCEPTION_TYPE_DISAGREEMENT,EXCEPTION_CLASS_DISAGREEMENT,HIGH,MANDATORY REVIEW,0,1,BANK_AMOUNT_MISMATCH,1,0,1,1,1,400.0,0,1,1,1,1,0,0.0,0.0,0.0
PAY0112,BANK_AMOUNT_MISMATCH,FEE_MISMATCH,0.9996,99.96,HIGH,NO_EXCEPTION,0.0004,0,AI_EXCEPTION_TYPE_DISAGREEMENT,EXCEPTION_CLASS_DISAGREEMENT,HIGH,MANDATORY REVIEW,0,1,BANK_AMOUNT_MISMATCH,1,0,1,1,1,400.0,0,1,1,1,1,0,0.0,0.0,0.0
PAY0113,NO_EXCEPTION,NO_EXCEPTION,0.9995,99.95,HIGH,BANK_AMOUNT_MISMATCH,0.0005,1,AI_AGREES_WITH_ENGINE,NORMAL_RECONCILIATION,LOW,AUTO-CLEARED,1,0,NO_EXCEPTION,1,1,1,1,1,0.0,0,1,1,1,1,0,0.0,0.0,0.0
PAY0114,NO_EXCEPTION,NO_EXCEPTION,0.9997,99.97,HIGH,BANK_AMOUNT_MISMATCH,0.0003,1,AI_AGREES_WITH_ENGINE,NORMAL_RECONCILIATION,LOW,AUTO-CLEARED,1,0,NO_EXCEPTION,1,1,1,1,1,0.0,0,1,1,1,1,0,0.0,0.0,0.0
PAY0115,NO_EXCEPTION,NO_EXCEPTION,0.994,99.4,HIGH,BANK_AMOUNT_MISMATCH,0.0059,1,AI_AGREES_WITH_ENGINE,NORMAL_RECONCILIATION,LOW,AUTO-CLEARED,1,0,NO_EXCEPTION,1,1,1,1,1,0.0,0,1,1,1,1,0,0.0,0.0,0.0
PAY0116,NO_EXCEPTION,NO_EXCEPTION,0.994,99.4,HIGH,BANK_AMOUNT_MISMATCH,0.0059,1,AI_AGREES_WITH_ENGINE,NORMAL_RECONCILIATION,LOW,AUTO-CLEARED,1,0,NO_EXCEPTION,1,1,1,1,1,0.0,0,1,1,1,1,0,0.0,0.0,0.0
PAY0117,NO_EXCEPTION,NO_EXCEPTION,0.9975,99.75,HIGH,BANK_AMOUNT_MISMATCH,0.0025,1,AI_AGREES_WITH_ENGINE,NORMAL_RECONCILIATION,LOW,AUTO-CLEARED,1,0,NO_EXCEPTION,1,1,1,1,1,0.0,0,1,1,1,1,0,0.0,0.0,0.0
PAY0118,NO_EXCEPTION,NO_EXCEPTION,0.9994,99.94,HIGH,BANK_AMOUNT_MISMATCH,0.0006,1,AI_AGREES_WITH_ENGINE,NORMAL_RECONCILIATION,LOW,AUTO-CLEARED,1,0,NO_EXCEPTION,1,1,1,1,1,0.0,0,1,1,1,1,0,0.0,0.0,0.0
PAY0119,NO_EXCEPTION,NO_EXCEPTION,0.9984,99.84,HIGH,BANK_AMOUNT_MISMATCH,0.0015,1,AI_AGREES_WITH_ENGINE,NORMAL_RECONCILIATION,LOW,AUTO-CLEARED,1,0,NO_EXCEPTION,1,1,1,1,1,0.0,0,1,1,1,1,0,0.0,0.0,0.0
PAY0120,NO_EXCEPTION,NO_EXCEPTION,0.9984,99.84,HIGH,BANK_AMOUNT_MISMATCH,0.0015,1,AI_AGREES_WITH_ENGINE,NORMAL_RECONCILIATION,LOW,AUTO-CLEARED,1,0,NO_EXCEPTION,1,1,1,1,1,0.0,0,1,1,1,1,0,0.0,0.0,0.0
PAY0121,NO_EXCEPTION,NO_EXCEPTION,0.994,99.4,HIGH,BANK_AMOUNT_MISMATCH,0.0059,1,AI_AGREES_WITH_ENGINE,NORMAL_RECONCILIATION,LOW,AUTO-CLEARED,1,0,NO_EXCEPTION,1,1,1,1,1,0.0,0,1,1,1,1,0,0.0,0.0,0.0
PAY0122,NO_EXCEPTION,NO_EXCEPTION,0.9994,99.94,HIGH,BANK_AMOUNT_MISMATCH,0.0006,1,AI_AGREES_WITH_ENGINE,NORMAL_RECONCILIATION,LOW,AUTO-CLEARED,1,0,NO_EXCEPTION,1,1,1,1,1,0.0,0,1,1,1,1,0,0.0,0.0,0.0
PAY0123,NO_EXCEPTION,NO_EXCEPTION,0.9984,99.84,HIGH,BANK_AMOUNT_MISMATCH,0.0015,1,AI_AGREES_WITH_ENGINE,NORMAL_RECONCILIATION,LOW,AUTO-CLEARED,1,0,NO_EXCEPTION,1,1,1,1,1,0.0,0,1,1,1,1,0,0.0,0.0,0.0
PAY0124,NO_EXCEPTION,NO_EXCEPTION,0.9994,99.94,HIGH,BANK_AMOUNT_MISMATCH,0.0006,1,AI_AGREES_WITH_ENGINE,NORMAL_RECONCILIATION,LOW,AUTO-CLEARED,1,0,NO_EXCEPTION,1,1,1,1,1,0.0,0,1,1,1,1,0,0.0,0.0,0.0
PAY0125,NO_EXCEPTION,NO_EXCEPTION,0.9975,99.75,HIGH,BANK_AMOUNT_MISMATCH,0.0025,1,AI_AGREES_WITH_ENGINE,NORMAL_RECONCILIATION,LOW,AUTO-CLEARED,1,0,NO_EXCEPTION,1,1,1,1,1,0.0,0,1,1,1,1,0,0.0,0.0,0.0
PAY0126,NO_EXCEPTION,NO_EXCEPTION,0.9995,99.95,HIGH,BANK_AMOUNT_MISMATCH,0.0005,1,AI_AGREES_WITH_ENGINE,NORMAL_RECONCILIATION,LOW,AUTO-CLEARED,1,0,NO_EXCEPTION,1,1,1,1,1,0.0,0,1,1,1,1,0,0.0,0.0,0.0
PAY0127,NO_EXCEPTION,NO_EXCEPTION,0.9976,99.76,HIGH,BANK_AMOUNT_MISMATCH,0.0024,1,AI_AGREES_WITH_ENGINE,NORMAL_RECONCILIATION,LOW,AUTO-CLEARED,1,0,NO_EXCEPTION,1,1,1,1,1,0.0,0,1,1,1,1,0,0.0,0.0,0.0
PAY0128,NO_EXCEPTION,NO_EXCEPTION,0.9976,99.76,HIGH,BANK_AMOUNT_MISMATCH,0.0024,1,AI_AGREES_WITH_ENGINE,NORMAL_RECONCILIATION,LOW,AUTO-CLEARED,1,0,NO_EXCEPTION,1,1,1,1,1,0.0,0,1,1,1,1,0,0.0,0.0,0.0
PAY0129,NO_EXCEPTION,NO_EXCEPTION,0.994,99.4,HIGH,BANK_AMOUNT_MISMATCH,0.0059,1,AI_AGREES_WITH_ENGINE,NORMAL_RECONCILIATION,LOW,AUTO-CLEARED,1,0,NO_EXCEPTION,1,1,1,1,1,0.0,0,1,1,1,1,0,0.0,0.0,0.0
PAY0130,DATE_MISMATCH,NO_EXCEPTION,0.9994,99.94,HIGH,BANK_AMOUNT_MISMATCH,0.0006,0,AI_FAILED_TO_DETECT_EXCEPTION,AI_FALSE_NEGATIVE_RISK,HIGH,MANDATORY REVIEW,0,1,DATE_MISMATCH,1,0,1,1,1,0.0,14,0,1,1,1,0,0.0,0.0,0.0
PAY0131,NO_EXCEPTION,NO_EXCEPTION,0.9995,99.95,HIGH,BANK_AMOUNT_MISMATCH,0.0005,1,AI_AGREES_WITH_ENGINE,NORMAL_RECONCILIATION,LOW,AUTO-CLEARED,1,0,NO_EXCEPTION,1,1,1,1,1,0.0,0,1,1,1,1,0,0.0,0.0,0.0
PAY0132,NO_EXCEPTION,NO_EXCEPTION,0.9999,99.99,HIGH,BANK_AMOUNT_MISMATCH,0.0001,1,AI_AGREES_WITH_ENGINE,NORMAL_RECONCILIATION,LOW,AUTO-CLEARED,1,0,NO_EXCEPTION,1,1,1,1,1,0.0,0,1,1,1,1,0,0.0,0.0,0.0
PAY0133,NO_EXCEPTION,NO_EXCEPTION,0.9995,99.95,HIGH,BANK_AMOUNT_MISMATCH,0.0005,1,AI_AGREES_WITH_ENGINE,NORMAL_RECONCILIATION,LOW,AUTO-CLEARED,1,0,NO_EXCEPTION,1,1,1,1,1,0.0,0,1,1,1,1,0,0.0,0.0,0.0
PAY0134,NO_EXCEPTION,NO_EXCEPTION,0.9994,99.94,HIGH,BANK_AMOUNT_MISMATCH,0.0006,1,AI_AGREES_WITH_ENGINE,NORMAL_RECONCILIATION,LOW,AUTO-CLEARED,1,0,NO_EXCEPTION,1,1,1,1,1,0.0,0,1,1,1,1,0,0.0,0.0,0.0
PAY0135,DATE_MISMATCH,NO_EXCEPTION,0.9976,99.76,HIGH,BANK_AMOUNT_MISMATCH,0.0024,0,AI_FAILED_TO_DETECT_EXCEPTION,AI_FALSE_NEGATIVE_RISK,HIGH,MANDATORY REVIEW,0,1,DATE_MISMATCH,1,0,1,1,1,0.0,14,0,1,1,1,0,0.0,0.0,0.0
PAY0136,NO_EXCEPTION,NO_EXCEPTION,0.994,99.4,HIGH,BANK_AMOUNT_MISMATCH,0.0059,1,AI_AGREES_WITH_ENGINE,NORMAL_RECONCILIATION,LOW,AUTO-CLEARED,1,0,NO_EXCEPTION,1,1,1,1,1,0.0,0,1,1,1,1,0,0.0,0.0,0.0
PAY0137,NO_EXCEPTION,NO_EXCEPTION,0.9975,99.75,HIGH,BANK_AMOUNT_MISMATCH,0.0025,1,AI_AGREES_WITH_ENGINE,NORMAL_RECONCILIATION,LOW,AUTO-CLEARED,1,0,NO_EXCEPTION,1,1,1,1,1,0.0,0,1,1,1,1,0,0.0,0.0,0.0
PAY0138,NO_EXCEPTION,NO_EXCEPTION,0.9999,99.99,HIGH,BANK_AMOUNT_MISMATCH,0.0001,1,AI_AGREES_WITH_ENGINE,NORMAL_RECONCILIATION,LOW,AUTO-CLEARED,1,0,NO_EXCEPTION,1,1,1,1,1,0.0,0,1,1,1,1,0,0.0,0.0,0.0
PAY0139,NO_EXCEPTION,NO_EXCEPTION,0.9984,99.84,HIGH,BANK_AMOUNT_MISMATCH,0.0015,1,AI_AGREES_WITH_ENGINE,NORMAL_RECONCILIATION,LOW,AUTO-CLEARED,1,0,NO_EXCEPTION,1,1,1,1,1,0.0,0,1,1,1,1,0,0.0,0.0,0.0
PAY0140,NO_EXCEPTION,NO_EXCEPTION,0.9984,99.84,HIGH,BANK_AMOUNT_MISMATCH,0.0015,1,AI_AGREES_WITH_ENGINE,NORMAL_RECONCILIATION,LOW,AUTO-CLEARED,1,0,NO_EXCEPTION,1,1,1,1,1,0.0,0,1,1,1,1,0,0.0,0.0,0.0
PAY0141,NO_EXCEPTION,NO_EXCEPTION,0.994,99.4,HIGH,BANK_AMOUNT_MISMATCH,0.0059,1,AI_AGREES_WITH_ENGINE,NORMAL_RECONCILIATION,LOW,AUTO-CLEARED,1,0,NO_EXCEPTION,1,1,1,1,1,0.0,0,1,1,1,1,0,0.0,0.0,0.0
PAY0142,NO_EXCEPTION,NO_EXCEPTION,0.9984,99.84,HIGH,BANK_AMOUNT_MISMATCH,0.0015,1,AI_AGREES_WITH_ENGINE,NORMAL_RECONCILIATION,LOW,AUTO-CLEARED,1,0,NO_EXCEPTION,1,1,1,1,1,0.0,0,1,1,1,1,0,0.0,0.0,0.0
PAY0143,NO_EXCEPTION,NO_EXCEPTION,0.994,99.4,HIGH,BANK_AMOUNT_MISMATCH,0.0059,1,AI_AGREES_WITH_ENGINE,NORMAL_RECONCILIATION,LOW,AUTO-CLEARED,1,0,NO_EXCEPTION,1,1,1,1,1,0.0,0,1,1,1,1,0,0.0,0.0,0.0
PAY0144,NO_EXCEPTION,NO_EXCEPTION,0.9975,99.75,HIGH,BANK_AMOUNT_MISMATCH,0.0025,1,AI_AGREES_WITH_ENGINE,NORMAL_RECONCILIATION,LOW,AUTO-CLEARED,1,0,NO_EXCEPTION,1,1,1,1,1,0.0,0,1,1,1,1,0,0.0,0.0,0.0
PAY0145,NO_EXCEPTION,NO_EXCEPTION,0.9975,99.75,HIGH,BANK_AMOUNT_MISMATCH,0.0025,1,AI_AGREES_WITH_ENGINE,NORMAL_RECONCILIATION,LOW,AUTO-CLEARED,1,0,NO_EXCEPTION,1,1,1,1,1,0.0,0,1,1,1,1,0,0.0,0.0,0.0
PAY0146,NO_EXCEPTION,NO_EXCEPTION,0.9997,99.97,HIGH,BANK_AMOUNT_MISMATCH,0.0003,1,AI_AGREES_WITH_ENGINE,NORMAL_RECONCILIATION,LOW,AUTO-CLEARED,1,0,NO_EXCEPTION,1,1,1,1,1,0.0,0,1,1,1,1,0,0.0,0.0,0.0
PAY0147,NO_EXCEPTION,NO_EXCEPTION,0.9999,99.99,HIGH,BANK_AMOUNT_MISMATCH,0.0001,1,AI_AGREES_WITH_ENGINE,NORMAL_RECONCILIATION,LOW,AUTO-CLEARED,1,0,NO_EXCEPTION,1,1,1,1,1,0.0,0,1,1,1,1,0,0.0,0.0,0.0
PAY0148,NO_EXCEPTION,NO_EXCEPTION,0.9999,99.99,HIGH,BANK_AMOUNT_MISMATCH,0.0001,1,AI_AGREES_WITH_ENGINE,NORMAL_RECONCILIATION,LOW,AUTO-CLEARED,1,0,NO_EXCEPTION,1,1,1,1,1,0.0,0,1,1,1,1,0,0.0,0.0,0.0
PAY0149,NO_EXCEPTION,NO_EXCEPTION,0.9997,99.97,HIGH,BANK_AMOUNT_MISMATCH,0.0003,1,AI_AGREES_WITH_ENGINE,NORMAL_RECONCILIATION,LOW,AUTO-CLEARED,1,0,NO_EXCEPTION,1,1,1,1,1,0.0,0,1,1,1,1,0,0.0,0.0,0.0
PAY0150,NO_EXCEPTION,NO_EXCEPTION,0.9995,99.95,HIGH,BANK_AMOUNT_MISMATCH,0.0005,1,AI_AGREES_WITH_ENGINE,NORMAL_RECONCILIATION,LOW,AUTO-CLEARED,1,0,NO_EXCEPTION,1,1,1,1,1,0.0,0,1,1,1,1,0,0.0,0.0,0.0
PAY0151,NO_EXCEPTION,NO_EXCEPTION,0.9976,99.76,HIGH,BANK_AMOUNT_MISMATCH,0.0024,1,AI_AGREES_WITH_ENGINE,NORMAL_RECONCILIATION,LOW,AUTO-CLEARED,1,0,NO_EXCEPTION,1,1,1,1,1,0.0,0,1,1,1,1,0,0.0,0.0,0.0
PAY0152,NO_EXCEPTION,NO_EXCEPTION,0.9995,99.95,HIGH,BANK_AMOUNT_MISMATCH,0.0005,1,AI_AGREES_WITH_ENGINE,NORMAL_RECONCILIATION,LOW,AUTO-CLEARED,1,0,NO_EXCEPTION,1,1,1,1,1,0.0,0,1,1,1,1,0,0.0,0.0,0.0
PAY0153,NO_EXCEPTION,NO_EXCEPTION,0.9976,99.76,HIGH,BANK_AMOUNT_MISMATCH,0.0024,1,AI_AGREES_WITH_ENGINE,NORMAL_RECONCILIATION,LOW,AUTO-CLEARED,1,0,NO_EXCEPTION,1,1,1,1,1,0.0,0,1,1,1,1,0,0.0,0.0,0.0
PAY0154,NO_EXCEPTION,NO_EXCEPTION,0.9997,99.97,HIGH,BANK_AMOUNT_MISMATCH,0.0003,1,AI_AGREES_WITH_ENGINE,NORMAL_RECONCILIATION,LOW,AUTO-CLEARED,1,0,NO_EXCEPTION,1,1,1,1,1,0.0,0,1,1,1,1,0,0.0,0.0,0.0
PAY0155,NO_EXCEPTION,NO_EXCEPTION,0.9975,99.75,HIGH,BANK_AMOUNT_MISMATCH,0.0025,1,AI_AGREES_WITH_ENGINE,NORMAL_RECONCILIATION,LOW,AUTO-CLEARED,1,0,NO_EXCEPTION,1,1,1,1,1,0.0,0,1,1,1,1,0,0.0,0.0,0.0
PAY0156,NO_EXCEPTION,NO_EXCEPTION,0.9994,99.94,HIGH,BANK_AMOUNT_MISMATCH,0.0006,1,AI_AGREES_WITH_ENGINE,NORMAL_RECONCILIATION,LOW,AUTO-CLEARED,1,0,NO_EXCEPTION,1,1,1,1,1,0.0,0,1,1,1,1,0,0.0,0.0,0.0
PAY0157,NO_EXCEPTION,NO_EXCEPTION,0.9975,99.75,HIGH,BANK_AMOUNT_MISMATCH,0.0025,1,AI_AGREES_WITH_ENGINE,NORMAL_RECONCILIATION,LOW,AUTO-CLEARED,1,0,NO_EXCEPTION,1,1,1,1,1,0.0,0,1,1,1,1,0,0.0,0.0,0.0
PAY0158,NO_EXCEPTION,NO_EXCEPTION,0.9997,99.97,HIGH,BANK_AMOUNT_MISMATCH,0.0003,1,AI_AGREES_WITH_ENGINE,NORMAL_RECONCILIATION,LOW,AUTO-CLEARED,1,0,NO_EXCEPTION,1,1,1,1,1,0.0,0,1,1,1,1,0,0.0,0.0,0.0
PAY0159,NO_EXCEPTION,NO_EXCEPTION,0.9997,99.97,HIGH,BANK_AMOUNT_MISMATCH,0.0003,1,AI_AGREES_WITH_ENGINE,NORMAL_RECONCILIATION,LOW,AUTO-CLEARED,1,0,NO_EXCEPTION,1,1,1,1,1,0.0,0,1,1,1,1,0,0.0,0.0,0.0
PAY0160,NO_EXCEPTION,NO_EXCEPTION,0.9984,99.84,HIGH,BANK_AMOUNT_MISMATCH,0.0015,1,AI_AGREES_WITH_ENGINE,NORMAL_RECONCILIATION,LOW,AUTO-CLEARED,1,0,NO_EXCEPTION,1,1,1,1,1,0.0,0,1,1,1,1,0,0.0,0.0,0.0
PAY0161,NO_EXCEPTION,NO_EXCEPTION,0.9997,99.97,HIGH,BANK_AMOUNT_MISMATCH,0.0003,1,AI_AGREES_WITH_ENGINE,NORMAL_RECONCILIATION,LOW,AUTO-CLEARED,1,0,NO_EXCEPTION,1,1,1,1,1,0.0,0,1,1,1,1,0,0.0,0.0,0.0
PAY0162,NO_EXCEPTION,NO_EXCEPTION,0.9995,99.95,HIGH,BANK_AMOUNT_MISMATCH,0.0005,1,AI_AGREES_WITH_ENGINE,NORMAL_RECONCILIATION,LOW,AUTO-CLEARED,1,0,NO_EXCEPTION,1,1,1,1,1,0.0,0,1,1,1,1,0,0.0,0.0,0.0
PAY0163,NO_EXCEPTION,NO_EXCEPTION,0.9973,99.73,HIGH,BANK_AMOUNT_MISMATCH,0.0026,1,AI_AGREES_WITH_ENGINE,NORMAL_RECONCILIATION,LOW,AUTO-CLEARED,1,0,NO_EXCEPTION,1,1,1,1,1,0.0,0,1,1,1,1,0,0.0,0.0,0.0
PAY0164,NO_EXCEPTION,NO_EXCEPTION,0.9989,99.89,HIGH,BANK_AMOUNT_MISMATCH,0.0011,1,AI_AGREES_WITH_ENGINE,NORMAL_RECONCILIATION,LOW,AUTO-CLEARED,1,0,NO_EXCEPTION,1,1,1,1,1,0.0,0,1,1,1,1,0,0.0,0.0,0.0
PAY0165,NO_EXCEPTION,NO_EXCEPTION,0.9973,99.73,HIGH,BANK_AMOUNT_MISMATCH,0.0026,1,AI_AGREES_WITH_ENGINE,NORMAL_RECONCILIATION,LOW,AUTO-CLEARED,1,0,NO_EXCEPTION,1,1,1,1,1,0.0,0,1,1,1,1,0,0.0,0.0,0.0
PAY0166,NO_EXCEPTION,NO_EXCEPTION,0.9976,99.76,HIGH,BANK_AMOUNT_MISMATCH,0.0024,1,AI_AGREES_WITH_ENGINE,NORMAL_RECONCILIATION,LOW,AUTO-CLEARED,1,0,NO_EXCEPTION,1,1,1,1,1,0.0,0,1,1,1,1,0,0.0,0.0,0.0
PAY0167,NO_EXCEPTION,NO_EXCEPTION,0.9973,99.73,HIGH,BANK_AMOUNT_MISMATCH,0.0026,1,AI_AGREES_WITH_ENGINE,NORMAL_RECONCILIATION,LOW,AUTO-CLEARED,1,0,NO_EXCEPTION,1,1,1,1,1,0.0,0,1,1,1,1,0,0.0,0.0,0.0
PAY0168,NO_EXCEPTION,NO_EXCEPTION,0.9989,99.89,HIGH,BANK_AMOUNT_MISMATCH,0.0011,1,AI_AGREES_WITH_ENGINE,NORMAL_RECONCILIATION,LOW,AUTO-CLEARED,1,0,NO_EXCEPTION,1,1,1,1,1,0.0,0,1,1,1,1,0,0.0,0.0,0.0
PAY0169,NO_EXCEPTION,NO_EXCEPTION,0.9999,99.99,HIGH,BANK_AMOUNT_MISMATCH,0.0001,1,AI_AGREES_WITH_ENGINE,NORMAL_RECONCILIATION,LOW,AUTO-CLEARED,1,0,NO_EXCEPTION,1,1,1,1,1,0.0,0,1,1,1,1,0,0.0,0.0,0.0
PAY0170,NO_EXCEPTION,NO_EXCEPTION,0.9997,99.97,HIGH,BANK_AMOUNT_MISMATCH,0.0003,1,AI_AGREES_WITH_ENGINE,NORMAL_RECONCILIATION,LOW,AUTO-CLEARED,1,0,NO_EXCEPTION,1,1,1,1,1,0.0,0,1,1,1,1,0,0.0,0.0,0.0
PAY0171,NO_EXCEPTION,NO_EXCEPTION,0.9994,99.94,HIGH,BANK_AMOUNT_MISMATCH,0.0006,1,AI_AGREES_WITH_ENGINE,NORMAL_RECONCILIATION,LOW,AUTO-CLEARED,1,0,NO_EXCEPTION,1,1,1,1,1,0.0,0,1,1,1,1,0,0.0,0.0,0.0
PAY0172,NO_EXCEPTION,NO_EXCEPTION,0.9995,99.95,HIGH,BANK_AMOUNT_MISMATCH,0.0005,1,AI_AGREES_WITH_ENGINE,NORMAL_RECONCILIATION,LOW,AUTO-CLEARED,1,0,NO_EXCEPTION,1,1,1,1,1,0.0,0,1,1,1,1,0,0.0,0.0,0.0
PAY0173,NO_EXCEPTION,NO_EXCEPTION,0.9995,99.95,HIGH,BANK_AMOUNT_MISMATCH,0.0005,1,AI_AGREES_WITH_ENGINE,NORMAL_RECONCILIATION,LOW,AUTO-CLEARED,1,0,NO_EXCEPTION,1,1,1,1,1,0.0,0,1,1,1,1,0,0.0,0.0,0.0
PAY0174,NO_EXCEPTION,NO_EXCEPTION,0.9976,99.76,HIGH,BANK_AMOUNT_MISMATCH,0.0024,1,AI_AGREES_WITH_ENGINE,NORMAL_RECONCILIATION,LOW,AUTO-CLEARED,1,0,NO_EXCEPTION,1,1,1,1,1,0.0,0,1,1,1,1,0,0.0,0.0,0.0
PAY0175,NO_EXCEPTION,NO_EXCEPTION,0.9994,99.94,HIGH,BANK_AMOUNT_MISMATCH,0.0006,1,AI_AGREES_WITH_ENGINE,NORMAL_RECONCILIATION,LOW,AUTO-CLEARED,1,0,NO_EXCEPTION,1,1,1,1,1,0.0,0,1,1,1,1,0,0.0,0.0,0.0
PAY0176,DATE_MISMATCH,NO_EXCEPTION,0.9989,99.89,HIGH,BANK_AMOUNT_MISMATCH,0.0011,0,AI_FAILED_TO_DETECT_EXCEPTION,AI_FALSE_NEGATIVE_RISK,HIGH,MANDATORY REVIEW,0,1,DATE_MISMATCH,1,0,1,1,1,0.0,14,0,1,1,1,0,0.0,0.0,0.0
PAY0177,NO_EXCEPTION,NO_EXCEPTION,0.9976,99.76,HIGH,BANK_AMOUNT_MISMATCH,0.0024,1,AI_AGREES_WITH_ENGINE,NORMAL_RECONCILIATION,LOW,AUTO-CLEARED,1,0,NO_EXCEPTION,1,1,1,1,1,0.0,0,1,1,1,1,0,0.0,0.0,0.0
PAY0178,DUPLICATE_BANK_TRANSACTION,DUPLICATE_BANK_TRANSACTION,0.9999,99.99,HIGH,NO_EXCEPTION,0.0001,1,AI_AGREES_WITH_ENGINE,CONFIRMED_EXCEPTION,MEDIUM,AUTO-CLASSIFIED EXCEPTION,1,0,DUPLICATE_BANK_TRANSACTION,1,1,1,1,2,0.0,0,1,1,1,2,1,0.0,0.0,0.0
PAY0179,NO_EXCEPTION,NO_EXCEPTION,0.9997,99.97,HIGH,BANK_AMOUNT_MISMATCH,0.0003,1,AI_AGREES_WITH_ENGINE,NORMAL_RECONCILIATION,LOW,AUTO-CLEARED,1,0,NO_EXCEPTION,1,1,1,1,1,0.0,0,1,1,1,1,0,0.0,0.0,0.0
PAY0180,NO_EXCEPTION,NO_EXCEPTION,0.9995,99.95,HIGH,BANK_AMOUNT_MISMATCH,0.0005,1,AI_AGREES_WITH_ENGINE,NORMAL_RECONCILIATION,LOW,AUTO-CLEARED,1,0,NO_EXCEPTION,1,1,1,1,1,0.0,0,1,1,1,1,0,0.0,0.0,0.0
PAY0181,NO_EXCEPTION,NO_EXCEPTION,0.9995,99.95,HIGH,BANK_AMOUNT_MISMATCH,0.0005,1,AI_AGREES_WITH_ENGINE,NORMAL_RECONCILIATION,LOW,AUTO-CLEARED,1,0,NO_EXCEPTION,1,1,1,1,1,0.0,0,1,1,1,1,0,0.0,0.0,0.0
PAY0182,BANK_AMOUNT_MISMATCH,FEE_MISMATCH,0.9983,99.83,HIGH,NO_EXCEPTION,0.0017,0,AI_EXCEPTION_TYPE_DISAGREEMENT,EXCEPTION_CLASS_DISAGREEMENT,HIGH,MANDATORY REVIEW,0,1,BANK_AMOUNT_MISMATCH,1,0,1,1,1,400.0,0,1,1,1,1,0,0.0,0.0,0.0
PAY0183,NO_EXCEPTION,NO_EXCEPTION,0.9973,99.73,HIGH,BANK_AMOUNT_MISMATCH,0.0026,1,AI_AGREES_WITH_ENGINE,NORMAL_RECONCILIATION,LOW,AUTO-CLEARED,1,0,NO_EXCEPTION,1,1,1,1,1,0.0,0,1,1,1,1,0,0.0,0.0,0.0
PAY0184,NO_EXCEPTION,NO_EXCEPTION,0.9994,99.94,HIGH,BANK_AMOUNT_MISMATCH,0.0006,1,AI_AGREES_WITH_ENGINE,NORMAL_RECONCILIATION,LOW,AUTO-CLEARED,1,0,NO_EXCEPTION,1,1,1,1,1,0.0,0,1,1,1,1,0,0.0,0.0,0.0
PAY0185,NO_EXCEPTION,NO_EXCEPTION,0.9976,99.76,HIGH,BANK_AMOUNT_MISMATCH,0.0024,1,AI_AGREES_WITH_ENGINE,NORMAL_RECONCILIATION,LOW,AUTO-CLEARED,1,0,NO_EXCEPTION,1,1,1,1,1,0.0,0,1,1,1,1,0,0.0,0.0,0.0
PAY0186,NO_EXCEPTION,NO_EXCEPTION,0.9973,99.73,HIGH,BANK_AMOUNT_MISMATCH,0.0026,1,AI_AGREES_WITH_ENGINE,NORMAL_RECONCILIATION,LOW,AUTO-CLEARED,1,0,NO_EXCEPTION,1,1,1,1,1,0.0,0,1,1,1,1,0,0.0,0.0,0.0
PAY0187,NO_EXCEPTION,NO_EXCEPTION,0.9975,99.75,HIGH,BANK_AMOUNT_MISMATCH,0.0025,1,AI_AGREES_WITH_ENGINE,NORMAL_RECONCILIATION,LOW,AUTO-CLEARED,1,0,NO_EXCEPTION,1,1,1,1,1,0.0,0,1,1,1,1,0,0.0,0.0,0.0
PAY0188,NO_EXCEPTION,NO_EXCEPTION,0.9975,99.75,HIGH,BANK_AMOUNT_MISMATCH,0.0025,1,AI_AGREES_WITH_ENGINE,NORMAL_RECONCILIATION,LOW,AUTO-CLEARED,1,0,NO_EXCEPTION,1,1,1,1,1,0.0,0,1,1,1,1,0,0.0,0.0,0.0
PAY0189,NO_EXCEPTION,NO_EXCEPTION,0.9973,99.73,HIGH,BANK_AMOUNT_MISMATCH,0.0026,1,AI_AGREES_WITH_ENGINE,NORMAL_RECONCILIATION,LOW,AUTO-CLEARED,1,0,NO_EXCEPTION,1,1,1,1,1,0.0,0,1,1,1,1,0,0.0,0.0,0.0
PAY0190,NO_EXCEPTION,NO_EXCEPTION,0.994,99.4,HIGH,BANK_AMOUNT_MISMATCH,0.0059,1,AI_AGREES_WITH_ENGINE,NORMAL_RECONCILIATION,LOW,AUTO-CLEARED,1,0,NO_EXCEPTION,1,1,1,1,1,0.0,0,1,1,1,1,0,0.0,0.0,0.0
PAY0191,UTR_MISMATCH,UTR_MISMATCH,0.9252,92.52,HIGH,NO_EXCEPTION,0.0747,1,AI_AGREES_WITH_ENGINE,CONFIRMED_EXCEPTION,MEDIUM,AUTO-CLASSIFIED EXCEPTION,1,0,UTR_MISMATCH,1,1,1,0,0,0.0,0,1,1,0,0,0,0.0,0.0,0.0
PAY0192,NO_EXCEPTION,NO_EXCEPTION,0.9984,99.84,HIGH,BANK_AMOUNT_MISMATCH,0.0015,1,AI_AGREES_WITH_ENGINE,NORMAL_RECONCILIATION,LOW,AUTO-CLEARED,1,0,NO_EXCEPTION,1,1,1,1,1,0.0,0,1,1,1,1,0,0.0,0.0,0.0
PAY0193,NO_EXCEPTION,NO_EXCEPTION,0.9999,99.99,HIGH,BANK_AMOUNT_MISMATCH,0.0001,1,AI_AGREES_WITH_ENGINE,NORMAL_RECONCILIATION,LOW,AUTO-CLEARED,1,0,NO_EXCEPTION,1,1,1,1,1,0.0,0,1,1,1,1,0,0.0,0.0,0.0
PAY0194,NO_EXCEPTION,NO_EXCEPTION,0.9989,99.89,HIGH,BANK_AMOUNT_MISMATCH,0.0011,1,AI_AGREES_WITH_ENGINE,NORMAL_RECONCILIATION,LOW,AUTO-CLEARED,1,0,NO_EXCEPTION,1,1,1,1,1,0.0,0,1,1,1,1,0,0.0,0.0,0.0
PAY0195,NO_EXCEPTION,NO_EXCEPTION,0.9973,99.73,HIGH,BANK_AMOUNT_MISMATCH,0.0026,1,AI_AGREES_WITH_ENGINE,NORMAL_RECONCILIATION,LOW,AUTO-CLEARED,1,0,NO_EXCEPTION,1,1,1,1,1,0.0,0,1,1,1,1,0,0.0,0.0,0.0
PAY0196,NO_EXCEPTION,NO_EXCEPTION,0.994,99.4,HIGH,BANK_AMOUNT_MISMATCH,0.0059,1,AI_AGREES_WITH_ENGINE,NORMAL_RECONCILIATION,LOW,AUTO-CLEARED,1,0,NO_EXCEPTION,1,1,1,1,1,0.0,0,1,1,1,1,0,0.0,0.0,0.0
PAY0197,NO_EXCEPTION,NO_EXCEPTION,0.9984,99.84,HIGH,BANK_AMOUNT_MISMATCH,0.0015,1,AI_AGREES_WITH_ENGINE,NORMAL_RECONCILIATION,LOW,AUTO-CLEARED,1,0,NO_EXCEPTION,1,1,1,1,1,0.0,0,1,1,1,1,0,0.0,0.0,0.0
PAY0198,NO_EXCEPTION,NO_EXCEPTION,0.9999,99.99,HIGH,BANK_AMOUNT_MISMATCH,0.0001,1,AI_AGREES_WITH_ENGINE,NORMAL_RECONCILIATION,LOW,AUTO-CLEARED,1,0,NO_EXCEPTION,1,1,1,1,1,0.0,0,1,1,1,1,0,0.0,0.0,0.0
PAY0199,UTR_MISMATCH,UTR_MISMATCH,0.9571,95.71,HIGH,NO_EXCEPTION,0.0428,1,AI_AGREES_WITH_ENGINE,CONFIRMED_EXCEPTION,MEDIUM,AUTO-CLASSIFIED EXCEPTION,1,0,UTR_MISMATCH,1,1,1,0,0,0.0,0,1,1,0,0,0,0.0,0.0,0.0
PAY0200,NO_EXCEPTION,NO_EXCEPTION,0.9995,99.95,HIGH,BANK_AMOUNT_MISMATCH,0.0005,1,AI_AGREES_WITH_ENGINE,NORMAL_RECONCILIATION,LOW,AUTO-CLEARED,1,0,NO_EXCEPTION,1,1,1,1,1,0.0,0,1,1,1,1,0,0.0,0.0,0.0
PAY0201,NO_EXCEPTION,NO_EXCEPTION,0.9989,99.89,HIGH,BANK_AMOUNT_MISMATCH,0.0011,1,AI_AGREES_WITH_ENGINE,NORMAL_RECONCILIATION,LOW,AUTO-CLEARED,1,0,NO_EXCEPTION,1,1,1,1,1,0.0,0,1,1,1,1,0,0.0,0.0,0.0
PAY0202,NO_EXCEPTION,NO_EXCEPTION,0.9995,99.95,HIGH,BANK_AMOUNT_MISMATCH,0.0005,1,AI_AGREES_WITH_ENGINE,NORMAL_RECONCILIATION,LOW,AUTO-CLEARED,1,0,NO_EXCEPTION,1,1,1,1,1,0.0,0,1,1,1,1,0,0.0,0.0,0.0
PAY0203,NO_EXCEPTION,NO_EXCEPTION,0.9984,99.84,HIGH,BANK_AMOUNT_MISMATCH,0.0015,1,AI_AGREES_WITH_ENGINE,NORMAL_RECONCILIATION,LOW,AUTO-CLEARED,1,0,NO_EXCEPTION,1,1,1,1,1,0.0,0,1,1,1,1,0,0.0,0.0,0.0
PAY0204,NO_EXCEPTION,NO_EXCEPTION,0.9999,99.99,HIGH,BANK_AMOUNT_MISMATCH,0.0001,1,AI_AGREES_WITH_ENGINE,NORMAL_RECONCILIATION,LOW,AUTO-CLEARED,1,0,NO_EXCEPTION,1,1,1,1,1,0.0,0,1,1,1,1,0,0.0,0.0,0.0
PAY0205,DATE_MISMATCH,NO_EXCEPTION,0.9989,99.89,HIGH,BANK_AMOUNT_MISMATCH,0.0011,0,AI_FAILED_TO_DETECT_EXCEPTION,AI_FALSE_NEGATIVE_RISK,HIGH,MANDATORY REVIEW,0,1,DATE_MISMATCH,1,0,1,1,1,0.0,13,0,1,1,1,0,0.0,0.0,0.0
PAY0206,NO_EXCEPTION,NO_EXCEPTION,0.9989,99.89,HIGH,BANK_AMOUNT_MISMATCH,0.0011,1,AI_AGREES_WITH_ENGINE,NORMAL_RECONCILIATION,LOW,AUTO-CLEARED,1,0,NO_EXCEPTION,1,1,1,1,1,0.0,0,1,1,1,1,0,0.0,0.0,0.0
PAY0207,BANK_AMOUNT_MISMATCH,FEE_MISMATCH,0.9982,99.82,HIGH,NO_EXCEPTION,0.0018,0,AI_EXCEPTION_TYPE_DISAGREEMENT,EXCEPTION_CLASS_DISAGREEMENT,HIGH,MANDATORY REVIEW,0,1,BANK_AMOUNT_MISMATCH,1,0,1,1,1,400.0,0,1,1,1,1,0,0.0,0.0,0.0
PAY0208,NO_EXCEPTION,NO_EXCEPTION,0.9994,99.94,HIGH,BANK_AMOUNT_MISMATCH,0.0006,1,AI_AGREES_WITH_ENGINE,NORMAL_RECONCILIATION,LOW,AUTO-CLEARED,1,0,NO_EXCEPTION,1,1,1,1,1,0.0,0,1,1,1,1,0,0.0,0.0,0.0
PAY0209,NO_EXCEPTION,NO_EXCEPTION,0.9995,99.95,HIGH,BANK_AMOUNT_MISMATCH,0.0005,1,AI_AGREES_WITH_ENGINE,NORMAL_RECONCILIATION,LOW,AUTO-CLEARED,1,0,NO_EXCEPTION,1,1,1,1,1,0.0,0,1,1,1,1,0,0.0,0.0,0.0
PAY0210,NO_EXCEPTION,NO_EXCEPTION,0.9997,99.97,HIGH,BANK_AMOUNT_MISMATCH,0.0003,1,AI_AGREES_WITH_ENGINE,NORMAL_RECONCILIATION,LOW,AUTO-CLEARED,1,0,NO_EXCEPTION,1,1,1,1,1,0.0,0,1,1,1,1,0,0.0,0.0,0.0
PAY0211,NO_EXCEPTION,NO_EXCEPTION,0.9975,99.75,HIGH,BANK_AMOUNT_MISMATCH,0.0025,1,AI_AGREES_WITH_ENGINE,NORMAL_RECONCILIATION,LOW,AUTO-CLEARED,1,0,NO_EXCEPTION,1,1,1,1,1,0.0,0,1,1,1,1,0,0.0,0.0,0.0
PAY0212,BANK_AMOUNT_MISMATCH,FEE_MISMATCH,0.9981,99.81,HIGH,NO_EXCEPTION,0.0019,0,AI_EXCEPTION_TYPE_DISAGREEMENT,EXCEPTION_CLASS_DISAGREEMENT,HIGH,MANDATORY REVIEW,0,1,BANK_AMOUNT_MISMATCH,1,0,1,1,1,400.0,0,1,1,1,1,0,0.0,0.0,0.0
PAY0213,NO_EXCEPTION,NO_EXCEPTION,0.9999,99.99,HIGH,BANK_AMOUNT_MISMATCH,0.0001,1,AI_AGREES_WITH_ENGINE,NORMAL_RECONCILIATION,LOW,AUTO-CLEARED,1,0,NO_EXCEPTION,1,1,1,1,1,0.0,0,1,1,1,1,0,0.0,0.0,0.0
PAY0214,MISSING_SETTLEMENT,MISSING_SETTLEMENT,0.8362,83.62,MEDIUM,NO_EXCEPTION,0.1631,1,AI_AGREES_WITH_ENGINE,CONFIRMED_EXCEPTION,HIGH,REVIEW RECOMMENDED,0,0,MISSING_SETTLEMENT,1,1,0,0,0,0.0,0,1,0,0,0,0,100.0,18.0,4882.0
PAY0215,NO_EXCEPTION,NO_EXCEPTION,0.9975,99.75,HIGH,BANK_AMOUNT_MISMATCH,0.0025,1,AI_AGREES_WITH_ENGINE,NORMAL_RECONCILIATION,LOW,AUTO-CLEARED,1,0,NO_EXCEPTION,1,1,1,1,1,0.0,0,1,1,1,1,0,0.0,0.0,0.0
PAY0216,BANK_AMOUNT_MISMATCH,FEE_MISMATCH,0.9981,99.81,HIGH,NO_EXCEPTION,0.0019,0,AI_EXCEPTION_TYPE_DISAGREEMENT,EXCEPTION_CLASS_DISAGREEMENT,HIGH,MANDATORY REVIEW,0,1,BANK_AMOUNT_MISMATCH,1,0,1,1,1,400.0,0,1,1,1,1,0,0.0,0.0,0.0
PAY0217,NO_EXCEPTION,NO_EXCEPTION,0.9984,99.84,HIGH,BANK_AMOUNT_MISMATCH,0.0015,1,AI_AGREES_WITH_ENGINE,NORMAL_RECONCILIATION,LOW,AUTO-CLEARED,1,0,NO_EXCEPTION,1,1,1,1,1,0.0,0,1,1,1,1,0,0.0,0.0,0.0
PAY0218,NO_EXCEPTION,NO_EXCEPTION,0.994,99.4,HIGH,BANK_AMOUNT_MISMATCH,0.0059,1,AI_AGREES_WITH_ENGINE,NORMAL_RECONCILIATION,LOW,AUTO-CLEARED,1,0,NO_EXCEPTION,1,1,1,1,1,0.0,0,1,1,1,1,0,0.0,0.0,0.0
PAY0219,NO_EXCEPTION,NO_EXCEPTION,0.9975,99.75,HIGH,BANK_AMOUNT_MISMATCH,0.0025,1,AI_AGREES_WITH_ENGINE,NORMAL_RECONCILIATION,LOW,AUTO-CLEARED,1,0,NO_EXCEPTION,1,1,1,1,1,0.0,0,1,1,1,1,0,0.0,0.0,0.0
PAY0220,NO_EXCEPTION,NO_EXCEPTION,0.9989,99.89,HIGH,BANK_AMOUNT_MISMATCH,0.0011,1,AI_AGREES_WITH_ENGINE,NORMAL_RECONCILIATION,LOW,AUTO-CLEARED,1,0,NO_EXCEPTION,1,1,1,1,1,0.0,0,1,1,1,1,0,0.0,0.0,0.0
PAY0221,NO_EXCEPTION,NO_EXCEPTION,0.9975,99.75,HIGH,BANK_AMOUNT_MISMATCH,0.0025,1,AI_AGREES_WITH_ENGINE,NORMAL_RECONCILIATION,LOW,AUTO-CLEARED,1,0,NO_EXCEPTION,1,1,1,1,1,0.0,0,1,1,1,1,0,0.0,0.0,0.0
PAY0222,FEE_MISMATCH,FEE_MISMATCH,0.9998,99.98,HIGH,NO_EXCEPTION,0.0002,1,AI_AGREES_WITH_ENGINE,CONFIRMED_EXCEPTION,MEDIUM,AUTO-CLASSIFIED EXCEPTION,1,0,FEE_MISMATCH,1,1,1,1,1,300.0,0,1,1,1,1,0,300.0,0.0,300.0
PAY0223,NO_EXCEPTION,NO_EXCEPTION,0.9975,99.75,HIGH,BANK_AMOUNT_MISMATCH,0.0025,1,AI_AGREES_WITH_ENGINE,NORMAL_RECONCILIATION,LOW,AUTO-CLEARED,1,0,NO_EXCEPTION,1,1,1,1,1,0.0,0,1,1,1,1,0,0.0,0.0,0.0
PAY0224,MISSING_SETTLEMENT,MISSING_SETTLEMENT,0.8362,83.62,MEDIUM,NO_EXCEPTION,0.1631,1,AI_AGREES_WITH_ENGINE,CONFIRMED_EXCEPTION,HIGH,REVIEW RECOMMENDED,0,0,MISSING_SETTLEMENT,1,1,0,0,0,0.0,0,1,0,0,0,0,100.0,18.0,4882.0
PAY0225,NO_EXCEPTION,NO_EXCEPTION,0.9994,99.94,HIGH,BANK_AMOUNT_MISMATCH,0.0006,1,AI_AGREES_WITH_ENGINE,NORMAL_RECONCILIATION,LOW,AUTO-CLEARED,1,0,NO_EXCEPTION,1,1,1,1,1,0.0,0,1,1,1,1,0,0.0,0.0,0.0
PAY0226,NO_EXCEPTION,NO_EXCEPTION,0.9989,99.89,HIGH,BANK_AMOUNT_MISMATCH,0.0011,1,AI_AGREES_WITH_ENGINE,NORMAL_RECONCILIATION,LOW,AUTO-CLEARED,1,0,NO_EXCEPTION,1,1,1,1,1,0.0,0,1,1,1,1,0,0.0,0.0,0.0
PAY0227,NO_EXCEPTION,NO_EXCEPTION,0.9995,99.95,HIGH,BANK_AMOUNT_MISMATCH,0.0005,1,AI_AGREES_WITH_ENGINE,NORMAL_RECONCILIATION,LOW,AUTO-CLEARED,1,0,NO_EXCEPTION,1,1,1,1,1,0.0,0,1,1,1,1,0,0.0,0.0,0.0
PAY0228,NO_EXCEPTION,NO_EXCEPTION,0.9995,99.95,HIGH,BANK_AMOUNT_MISMATCH,0.0005,1,AI_AGREES_WITH_ENGINE,NORMAL_RECONCILIATION,LOW,AUTO-CLEARED,1,0,NO_EXCEPTION,1,1,1,1,1,0.0,0,1,1,1,1,0,0.0,0.0,0.0
PAY0229,NO_EXCEPTION,NO_EXCEPTION,0.9999,99.99,HIGH,BANK_AMOUNT_MISMATCH,0.0001,1,AI_AGREES_WITH_ENGINE,NORMAL_RECONCILIATION,LOW,AUTO-CLEARED,1,0,NO_EXCEPTION,1,1,1,1,1,0.0,0,1,1,1,1,0,0.0,0.0,0.0
PAY0230,NO_EXCEPTION,NO_EXCEPTION,0.9973,99.73,HIGH,BANK_AMOUNT_MISMATCH,0.0026,1,AI_AGREES_WITH_ENGINE,NORMAL_RECONCILIATION,LOW,AUTO-CLEARED,1,0,NO_EXCEPTION,1,1,1,1,1,0.0,0,1,1,1,1,0,0.0,0.0,0.0
PAY0231,NO_EXCEPTION,NO_EXCEPTION,0.9997,99.97,HIGH,BANK_AMOUNT_MISMATCH,0.0003,1,AI_AGREES_WITH_ENGINE,NORMAL_RECONCILIATION,LOW,AUTO-CLEARED,1,0,NO_EXCEPTION,1,1,1,1,1,0.0,0,1,1,1,1,0,0.0,0.0,0.0
PAY0232,NO_EXCEPTION,NO_EXCEPTION,0.9999,99.99,HIGH,BANK_AMOUNT_MISMATCH,0.0001,1,AI_AGREES_WITH_ENGINE,NORMAL_RECONCILIATION,LOW,AUTO-CLEARED,1,0,NO_EXCEPTION,1,1,1,1,1,0.0,0,1,1,1,1,0,0.0,0.0,0.0
PAY0233,NO_EXCEPTION,NO_EXCEPTION,0.9997,99.97,HIGH,BANK_AMOUNT_MISMATCH,0.0003,1,AI_AGREES_WITH_ENGINE,NORMAL_RECONCILIATION,LOW,AUTO-CLEARED,1,0,NO_EXCEPTION,1,1,1,1,1,0.0,0,1,1,1,1,0,0.0,0.0,0.0
PAY0234,NO_EXCEPTION,NO_EXCEPTION,0.9989,99.89,HIGH,BANK_AMOUNT_MISMATCH,0.0011,1,AI_AGREES_WITH_ENGINE,NORMAL_RECONCILIATION,LOW,AUTO-CLEARED,1,0,NO_EXCEPTION,1,1,1,1,1,0.0,0,1,1,1,1,0,0.0,0.0,0.0
PAY0235,NO_EXCEPTION,NO_EXCEPTION,0.9984,99.84,HIGH,BANK_AMOUNT_MISMATCH,0.0015,1,AI_AGREES_WITH_ENGINE,NORMAL_RECONCILIATION,LOW,AUTO-CLEARED,1,0,NO_EXCEPTION,1,1,1,1,1,0.0,0,1,1,1,1,0,0.0,0.0,0.0
PAY0236,NO_EXCEPTION,NO_EXCEPTION,0.9995,99.95,HIGH,BANK_AMOUNT_MISMATCH,0.0005,1,AI_AGREES_WITH_ENGINE,NORMAL_RECONCILIATION,LOW,AUTO-CLEARED,1,0,NO_EXCEPTION,1,1,1,1,1,0.0,0,1,1,1,1,0,0.0,0.0,0.0
PAY0237,NO_EXCEPTION,NO_EXCEPTION,0.9984,99.84,HIGH,BANK_AMOUNT_MISMATCH,0.0015,1,AI_AGREES_WITH_ENGINE,NORMAL_RECONCILIATION,LOW,AUTO-CLEARED,1,0,NO_EXCEPTION,1,1,1,1,1,0.0,0,1,1,1,1,0,0.0,0.0,0.0
PAY0238,NO_EXCEPTION,NO_EXCEPTION,0.9975,99.75,HIGH,BANK_AMOUNT_MISMATCH,0.0025,1,AI_AGREES_WITH_ENGINE,NORMAL_RECONCILIATION,LOW,AUTO-CLEARED,1,0,NO_EXCEPTION,1,1,1,1,1,0.0,0,1,1,1,1,0,0.0,0.0,0.0
PAY0239,NO_EXCEPTION,NO_EXCEPTION,0.9999,99.99,HIGH,BANK_AMOUNT_MISMATCH,0.0001,1,AI_AGREES_WITH_ENGINE,NORMAL_RECONCILIATION,LOW,AUTO-CLEARED,1,0,NO_EXCEPTION,1,1,1,1,1,0.0,0,1,1,1,1,0,0.0,0.0,0.0
PAY0240,NO_EXCEPTION,NO_EXCEPTION,0.9999,99.99,HIGH,BANK_AMOUNT_MISMATCH,0.0001,1,AI_AGREES_WITH_ENGINE,NORMAL_RECONCILIATION,LOW,AUTO-CLEARED,1,0,NO_EXCEPTION,1,1,1,1,1,0.0,0,1,1,1,1,0,0.0,0.0,0.0
PAY0241,NO_EXCEPTION,NO_EXCEPTION,0.9995,99.95,HIGH,BANK_AMOUNT_MISMATCH,0.0005,1,AI_AGREES_WITH_ENGINE,NORMAL_RECONCILIATION,LOW,AUTO-CLEARED,1,0,NO_EXCEPTION,1,1,1,1,1,0.0,0,1,1,1,1,0,0.0,0.0,0.0
PAY0242,NO_EXCEPTION,NO_EXCEPTION,0.9975,99.75,HIGH,BANK_AMOUNT_MISMATCH,0.0025,1,AI_AGREES_WITH_ENGINE,NORMAL_RECONCILIATION,LOW,AUTO-CLEARED,1,0,NO_EXCEPTION,1,1,1,1,1,0.0,0,1,1,1,1,0,0.0,0.0,0.0
PAY0243,NO_EXCEPTION,NO_EXCEPTION,0.9984,99.84,HIGH,BANK_AMOUNT_MISMATCH,0.0015,1,AI_AGREES_WITH_ENGINE,NORMAL_RECONCILIATION,LOW,AUTO-CLEARED,1,0,NO_EXCEPTION,1,1,1,1,1,0.0,0,1,1,1,1,0,0.0,0.0,0.0
PAY0244,NO_EXCEPTION,NO_EXCEPTION,0.9989,99.89,HIGH,BANK_AMOUNT_MISMATCH,0.0011,1,AI_AGREES_WITH_ENGINE,NORMAL_RECONCILIATION,LOW,AUTO-CLEARED,1,0,NO_EXCEPTION,1,1,1,1,1,0.0,0,1,1,1,1,0,0.0,0.0,0.0
PAY0245,NO_EXCEPTION,NO_EXCEPTION,0.9989,99.89,HIGH,BANK_AMOUNT_MISMATCH,0.0011,1,AI_AGREES_WITH_ENGINE,NORMAL_RECONCILIATION,LOW,AUTO-CLEARED,1,0,NO_EXCEPTION,1,1,1,1,1,0.0,0,1,1,1,1,0,0.0,0.0,0.0
PAY0246,NO_EXCEPTION,NO_EXCEPTION,0.9994,99.94,HIGH,BANK_AMOUNT_MISMATCH,0.0006,1,AI_AGREES_WITH_ENGINE,NORMAL_RECONCILIATION,LOW,AUTO-CLEARED,1,0,NO_EXCEPTION,1,1,1,1,1,0.0,0,1,1,1,1,0,0.0,0.0,0.0
PAY0247,NO_EXCEPTION,NO_EXCEPTION,0.9995,99.95,HIGH,BANK_AMOUNT_MISMATCH,0.0005,1,AI_AGREES_WITH_ENGINE,NORMAL_RECONCILIATION,LOW,AUTO-CLEARED,1,0,NO_EXCEPTION,1,1,1,1,1,0.0,0,1,1,1,1,0,0.0,0.0,0.0
PAY0248,NO_EXCEPTION,NO_EXCEPTION,0.9984,99.84,HIGH,BANK_AMOUNT_MISMATCH,0.0015,1,AI_AGREES_WITH_ENGINE,NORMAL_RECONCILIATION,LOW,AUTO-CLEARED,1,0,NO_EXCEPTION,1,1,1,1,1,0.0,0,1,1,1,1,0,0.0,0.0,0.0
PAY0249,NO_EXCEPTION,NO_EXCEPTION,0.9984,99.84,HIGH,BANK_AMOUNT_MISMATCH,0.0015,1,AI_AGREES_WITH_ENGINE,NORMAL_RECONCILIATION,LOW,AUTO-CLEARED,1,0,NO_EXCEPTION,1,1,1,1,1,0.0,0,1,1,1,1,0,0.0,0.0,0.0
PAY0250,NO_EXCEPTION,NO_EXCEPTION,0.9995,99.95,HIGH,BANK_AMOUNT_MISMATCH,0.0005,1,AI_AGREES_WITH_ENGINE,NORMAL_RECONCILIATION,LOW,AUTO-CLEARED,1,0,NO_EXCEPTION,1,1,1,1,1,0.0,0,1,1,1,1,0,0.0,0.0,0.0
PAY0251,NO_EXCEPTION,NO_EXCEPTION,0.9975,99.75,HIGH,BANK_AMOUNT_MISMATCH,0.0025,1,AI_AGREES_WITH_ENGINE,NORMAL_RECONCILIATION,LOW,AUTO-CLEARED,1,0,NO_EXCEPTION,1,1,1,1,1,0.0,0,1,1,1,1,0,0.0,0.0,0.0
PAY0252,NO_EXCEPTION,NO_EXCEPTION,0.9984,99.84,HIGH,BANK_AMOUNT_MISMATCH,0.0015,1,AI_AGREES_WITH_ENGINE,NORMAL_RECONCILIATION,LOW,AUTO-CLEARED,1,0,NO_EXCEPTION,1,1,1,1,1,0.0,0,1,1,1,1,0,0.0,0.0,0.0
PAY0253,NO_EXCEPTION,NO_EXCEPTION,0.9976,99.76,HIGH,BANK_AMOUNT_MISMATCH,0.0024,1,AI_AGREES_WITH_ENGINE,NORMAL_RECONCILIATION,LOW,AUTO-CLEARED,1,0,NO_EXCEPTION,1,1,1,1,1,0.0,0,1,1,1,1,0,0.0,0.0,0.0
PAY0254,NO_EXCEPTION,NO_EXCEPTION,0.9997,99.97,HIGH,BANK_AMOUNT_MISMATCH,0.0003,1,AI_AGREES_WITH_ENGINE,NORMAL_RECONCILIATION,LOW,AUTO-CLEARED,1,0,NO_EXCEPTION,1,1,1,1,1,0.0,0,1,1,1,1,0,0.0,0.0,0.0
PAY0255,NO_EXCEPTION,NO_EXCEPTION,0.9984,99.84,HIGH,BANK_AMOUNT_MISMATCH,0.0015,1,AI_AGREES_WITH_ENGINE,NORMAL_RECONCILIATION,LOW,AUTO-CLEARED,1,0,NO_EXCEPTION,1,1,1,1,1,0.0,0,1,1,1,1,0,0.0,0.0,0.0
PAY0256,NO_EXCEPTION,NO_EXCEPTION,0.9999,99.99,HIGH,BANK_AMOUNT_MISMATCH,0.0001,1,AI_AGREES_WITH_ENGINE,NORMAL_RECONCILIATION,LOW,AUTO-CLEARED,1,0,NO_EXCEPTION,1,1,1,1,1,0.0,0,1,1,1,1,0,0.0,0.0,0.0
PAY0257,NO_EXCEPTION,NO_EXCEPTION,0.9973,99.73,HIGH,BANK_AMOUNT_MISMATCH,0.0026,1,AI_AGREES_WITH_ENGINE,NORMAL_RECONCILIATION,LOW,AUTO-CLEARED,1,0,NO_EXCEPTION,1,1,1,1,1,0.0,0,1,1,1,1,0,0.0,0.0,0.0
PAY0258,NO_EXCEPTION,NO_EXCEPTION,0.9984,99.84,HIGH,BANK_AMOUNT_MISMATCH,0.0015,1,AI_AGREES_WITH_ENGINE,NORMAL_RECONCILIATION,LOW,AUTO-CLEARED,1,0,NO_EXCEPTION,1,1,1,1,1,0.0,0,1,1,1,1,0,0.0,0.0,0.0
PAY0259,NO_EXCEPTION,NO_EXCEPTION,0.9997,99.97,HIGH,BANK_AMOUNT_MISMATCH,0.0003,1,AI_AGREES_WITH_ENGINE,NORMAL_RECONCILIATION,LOW,AUTO-CLEARED,1,0,NO_EXCEPTION,1,1,1,1,1,0.0,0,1,1,1,1,0,0.0,0.0,0.0
PAY0260,NO_EXCEPTION,NO_EXCEPTION,0.9989,99.89,HIGH,BANK_AMOUNT_MISMATCH,0.0011,1,AI_AGREES_WITH_ENGINE,NORMAL_RECONCILIATION,LOW,AUTO-CLEARED,1,0,NO_EXCEPTION,1,1,1,1,1,0.0,0,1,1,1,1,0,0.0,0.0,0.0
PAY0261,NO_EXCEPTION,NO_EXCEPTION,0.994,99.4,HIGH,BANK_AMOUNT_MISMATCH,0.0059,1,AI_AGREES_WITH_ENGINE,NORMAL_RECONCILIATION,LOW,AUTO-CLEARED,1,0,NO_EXCEPTION,1,1,1,1,1,0.0,0,1,1,1,1,0,0.0,0.0,0.0
PAY0262,NO_EXCEPTION,NO_EXCEPTION,0.9975,99.75,HIGH,BANK_AMOUNT_MISMATCH,0.0025,1,AI_AGREES_WITH_ENGINE,NORMAL_RECONCILIATION,LOW,AUTO-CLEARED,1,0,NO_EXCEPTION,1,1,1,1,1,0.0,0,1,1,1,1,0,0.0,0.0,0.0
PAY0263,NO_EXCEPTION,NO_EXCEPTION,0.994,99.4,HIGH,BANK_AMOUNT_MISMATCH,0.0059,1,AI_AGREES_WITH_ENGINE,NORMAL_RECONCILIATION,LOW,AUTO-CLEARED,1,0,NO_EXCEPTION,1,1,1,1,1,0.0,0,1,1,1,1,0,0.0,0.0,0.0
PAY0264,NO_EXCEPTION,NO_EXCEPTION,0.9994,99.94,HIGH,BANK_AMOUNT_MISMATCH,0.0006,1,AI_AGREES_WITH_ENGINE,NORMAL_RECONCILIATION,LOW,AUTO-CLEARED,1,0,NO_EXCEPTION,1,1,1,1,1,0.0,0,1,1,1,1,0,0.0,0.0,0.0
PAY0265,FEE_MISMATCH,FEE_MISMATCH,0.9999,99.99,HIGH,NO_EXCEPTION,0.0001,1,AI_AGREES_WITH_ENGINE,CONFIRMED_EXCEPTION,MEDIUM,AUTO-CLASSIFIED EXCEPTION,1,0,FEE_MISMATCH,1,1,1,1,1,300.0,0,1,1,1,1,0,300.0,0.0,300.0
PAY0266,DUPLICATE_BANK_TRANSACTION,DUPLICATE_BANK_TRANSACTION,0.9999,99.99,HIGH,NO_EXCEPTION,0.0001,1,AI_AGREES_WITH_ENGINE,CONFIRMED_EXCEPTION,MEDIUM,AUTO-CLASSIFIED EXCEPTION,1,0,DUPLICATE_BANK_TRANSACTION,1,1,1,1,2,0.0,0,1,1,1,2,1,0.0,0.0,0.0
PAY0267,NO_EXCEPTION,NO_EXCEPTION,0.9994,99.94,HIGH,BANK_AMOUNT_MISMATCH,0.0006,1,AI_AGREES_WITH_ENGINE,NORMAL_RECONCILIATION,LOW,AUTO-CLEARED,1,0,NO_EXCEPTION,1,1,1,1,1,0.0,0,1,1,1,1,0,0.0,0.0,0.0
PAY0268,NO_EXCEPTION,NO_EXCEPTION,0.9973,99.73,HIGH,BANK_AMOUNT_MISMATCH,0.0026,1,AI_AGREES_WITH_ENGINE,NORMAL_RECONCILIATION,LOW,AUTO-CLEARED,1,0,NO_EXCEPTION,1,1,1,1,1,0.0,0,1,1,1,1,0,0.0,0.0,0.0
PAY0269,NO_EXCEPTION,NO_EXCEPTION,0.9975,99.75,HIGH,BANK_AMOUNT_MISMATCH,0.0025,1,AI_AGREES_WITH_ENGINE,NORMAL_RECONCILIATION,LOW,AUTO-CLEARED,1,0,NO_EXCEPTION,1,1,1,1,1,0.0,0,1,1,1,1,0,0.0,0.0,0.0
PAY0270,NO_EXCEPTION,NO_EXCEPTION,0.9999,99.99,HIGH,BANK_AMOUNT_MISMATCH,0.0001,1,AI_AGREES_WITH_ENGINE,NORMAL_RECONCILIATION,LOW,AUTO-CLEARED,1,0,NO_EXCEPTION,1,1,1,1,1,0.0,0,1,1,1,1,0,0.0,0.0,0.0
PAY0271,NO_EXCEPTION,NO_EXCEPTION,0.9975,99.75,HIGH,BANK_AMOUNT_MISMATCH,0.0025,1,AI_AGREES_WITH_ENGINE,NORMAL_RECONCILIATION,LOW,AUTO-CLEARED,1,0,NO_EXCEPTION,1,1,1,1,1,0.0,0,1,1,1,1,0,0.0,0.0,0.0
PAY0272,NO_EXCEPTION,NO_EXCEPTION,0.9997,99.97,HIGH,BANK_AMOUNT_MISMATCH,0.0003,1,AI_AGREES_WITH_ENGINE,NORMAL_RECONCILIATION,LOW,AUTO-CLEARED,1,0,NO_EXCEPTION,1,1,1,1,1,0.0,0,1,1,1,1,0,0.0,0.0,0.0
PAY0273,NO_EXCEPTION,NO_EXCEPTION,0.994,99.4,HIGH,BANK_AMOUNT_MISMATCH,0.0059,1,AI_AGREES_WITH_ENGINE,NORMAL_RECONCILIATION,LOW,AUTO-CLEARED,1,0,NO_EXCEPTION,1,1,1,1,1,0.0,0,1,1,1,1,0,0.0,0.0,0.0
PAY0274,NO_EXCEPTION,NO_EXCEPTION,0.9997,99.97,HIGH,BANK_AMOUNT_MISMATCH,0.0003,1,AI_AGREES_WITH_ENGINE,NORMAL_RECONCILIATION,LOW,AUTO-CLEARED,1,0,NO_EXCEPTION,1,1,1,1,1,0.0,0,1,1,1,1,0,0.0,0.0,0.0
PAY0275,NO_EXCEPTION,NO_EXCEPTION,0.9984,99.84,HIGH,BANK_AMOUNT_MISMATCH,0.0015,1,AI_AGREES_WITH_ENGINE,NORMAL_RECONCILIATION,LOW,AUTO-CLEARED,1,0,NO_EXCEPTION,1,1,1,1,1,0.0,0,1,1,1,1,0,0.0,0.0,0.0
PAY0276,NO_EXCEPTION,NO_EXCEPTION,0.9984,99.84,HIGH,BANK_AMOUNT_MISMATCH,0.0015,1,AI_AGREES_WITH_ENGINE,NORMAL_RECONCILIATION,LOW,AUTO-CLEARED,1,0,NO_EXCEPTION,1,1,1,1,1,0.0,0,1,1,1,1,0,0.0,0.0,0.0
PAY0277,UTR_MISMATCH,UTR_MISMATCH,0.9607,96.07,HIGH,NO_EXCEPTION,0.0388,1,AI_AGREES_WITH_ENGINE,CONFIRMED_EXCEPTION,MEDIUM,AUTO-CLASSIFIED EXCEPTION,1,0,UTR_MISMATCH,1,1,1,0,0,0.0,0,1,1,0,0,0,0.0,0.0,0.0
PAY0278,NO_EXCEPTION,NO_EXCEPTION,0.9999,99.99,HIGH,BANK_AMOUNT_MISMATCH,0.0001,1,AI_AGREES_WITH_ENGINE,NORMAL_RECONCILIATION,LOW,AUTO-CLEARED,1,0,NO_EXCEPTION,1,1,1,1,1,0.0,0,1,1,1,1,0,0.0,0.0,0.0
PAY0279,NO_EXCEPTION,NO_EXCEPTION,0.9984,99.84,HIGH,BANK_AMOUNT_MISMATCH,0.0015,1,AI_AGREES_WITH_ENGINE,NORMAL_RECONCILIATION,LOW,AUTO-CLEARED,1,0,NO_EXCEPTION,1,1,1,1,1,0.0,0,1,1,1,1,0,0.0,0.0,0.0
PAY0280,NO_EXCEPTION,NO_EXCEPTION,0.9976,99.76,HIGH,BANK_AMOUNT_MISMATCH,0.0024,1,AI_AGREES_WITH_ENGINE,NORMAL_RECONCILIATION,LOW,AUTO-CLEARED,1,0,NO_EXCEPTION,1,1,1,1,1,0.0,0,1,1,1,1,0,0.0,0.0,0.0
PAY0281,FEE_MISMATCH,FEE_MISMATCH,0.9999,99.99,HIGH,NO_EXCEPTION,0.0001,1,AI_AGREES_WITH_ENGINE,CONFIRMED_EXCEPTION,MEDIUM,AUTO-CLASSIFIED EXCEPTION,1,0,FEE_MISMATCH,1,1,1,1,1,300.0,0,1,1,1,1,0,300.0,0.0,300.0
PAY0282,NO_EXCEPTION,NO_EXCEPTION,0.9995,99.95,HIGH,BANK_AMOUNT_MISMATCH,0.0005,1,AI_AGREES_WITH_ENGINE,NORMAL_RECONCILIATION,LOW,AUTO-CLEARED,1,0,NO_EXCEPTION,1,1,1,1,1,0.0,0,1,1,1,1,0,0.0,0.0,0.0
PAY0283,NO_EXCEPTION,NO_EXCEPTION,0.9994,99.94,HIGH,BANK_AMOUNT_MISMATCH,0.0006,1,AI_AGREES_WITH_ENGINE,NORMAL_RECONCILIATION,LOW,AUTO-CLEARED,1,0,NO_EXCEPTION,1,1,1,1,1,0.0,0,1,1,1,1,0,0.0,0.0,0.0
PAY0284,MISSING_SETTLEMENT,MISSING_SETTLEMENT,0.8198,81.98,MEDIUM,NO_EXCEPTION,0.1796,1,AI_AGREES_WITH_ENGINE,CONFIRMED_EXCEPTION,HIGH,REVIEW RECOMMENDED,0,0,MISSING_SETTLEMENT,1,1,0,0,0,0.0,0,1,0,0,0,0,20.0,3.6,976.4
PAY0285,NO_EXCEPTION,NO_EXCEPTION,0.9995,99.95,HIGH,BANK_AMOUNT_MISMATCH,0.0005,1,AI_AGREES_WITH_ENGINE,NORMAL_RECONCILIATION,LOW,AUTO-CLEARED,1,0,NO_EXCEPTION,1,1,1,1,1,0.0,0,1,1,1,1,0,0.0,0.0,0.0
PAY0286,NO_EXCEPTION,NO_EXCEPTION,0.9997,99.97,HIGH,BANK_AMOUNT_MISMATCH,0.0003,1,AI_AGREES_WITH_ENGINE,NORMAL_RECONCILIATION,LOW,AUTO-CLEARED,1,0,NO_EXCEPTION,1,1,1,1,1,0.0,0,1,1,1,1,0,0.0,0.0,0.0
PAY0287,DATE_MISMATCH,NO_EXCEPTION,0.994,99.4,HIGH,BANK_AMOUNT_MISMATCH,0.0059,0,AI_FAILED_TO_DETECT_EXCEPTION,AI_FALSE_NEGATIVE_RISK,HIGH,MANDATORY REVIEW,0,1,DATE_MISMATCH,1,0,1,1,1,0.0,12,0,1,1,1,0,0.0,0.0,0.0
PAY0288,NO_EXCEPTION,NO_EXCEPTION,0.9995,99.95,HIGH,BANK_AMOUNT_MISMATCH,0.0005,1,AI_AGREES_WITH_ENGINE,NORMAL_RECONCILIATION,LOW,AUTO-CLEARED,1,0,NO_EXCEPTION,1,1,1,1,1,0.0,0,1,1,1,1,0,0.0,0.0,0.0
PAY0289,NO_EXCEPTION,NO_EXCEPTION,0.9995,99.95,HIGH,BANK_AMOUNT_MISMATCH,0.0005,1,AI_AGREES_WITH_ENGINE,NORMAL_RECONCILIATION,LOW,AUTO-CLEARED,1,0,NO_EXCEPTION,1,1,1,1,1,0.0,0,1,1,1,1,0,0.0,0.0,0.0
PAY0290,NO_EXCEPTION,NO_EXCEPTION,0.9976,99.76,HIGH,BANK_AMOUNT_MISMATCH,0.0024,1,AI_AGREES_WITH_ENGINE,NORMAL_RECONCILIATION,LOW,AUTO-CLEARED,1,0,NO_EXCEPTION,1,1,1,1,1,0.0,0,1,1,1,1,0,0.0,0.0,0.0
PAY0291,NO_EXCEPTION,NO_EXCEPTION,0.994,99.4,HIGH,BANK_AMOUNT_MISMATCH,0.0059,1,AI_AGREES_WITH_ENGINE,NORMAL_RECONCILIATION,LOW,AUTO-CLEARED,1,0,NO_EXCEPTION,1,1,1,1,1,0.0,0,1,1,1,1,0,0.0,0.0,0.0
PAY0292,NO_EXCEPTION,NO_EXCEPTION,0.9975,99.75,HIGH,BANK_AMOUNT_MISMATCH,0.0025,1,AI_AGREES_WITH_ENGINE,NORMAL_RECONCILIATION,LOW,AUTO-CLEARED,1,0,NO_EXCEPTION,1,1,1,1,1,0.0,0,1,1,1,1,0,0.0,0.0,0.0
PAY0293,NO_EXCEPTION,NO_EXCEPTION,0.9973,99.73,HIGH,BANK_AMOUNT_MISMATCH,0.0026,1,AI_AGREES_WITH_ENGINE,NORMAL_RECONCILIATION,LOW,AUTO-CLEARED,1,0,NO_EXCEPTION,1,1,1,1,1,0.0,0,1,1,1,1,0,0.0,0.0,0.0
PAY0294,NO_EXCEPTION,NO_EXCEPTION,0.994,99.4,HIGH,BANK_AMOUNT_MISMATCH,0.0059,1,AI_AGREES_WITH_ENGINE,NORMAL_RECONCILIATION,LOW,AUTO-CLEARED,1,0,NO_EXCEPTION,1,1,1,1,1,0.0,0,1,1,1,1,0,0.0,0.0,0.0
PAY0295,MISSING_SETTLEMENT,MISSING_SETTLEMENT,0.8297,82.97,MEDIUM,NO_EXCEPTION,0.1697,1,AI_AGREES_WITH_ENGINE,CONFIRMED_EXCEPTION,HIGH,REVIEW RECOMMENDED,0,0,MISSING_SETTLEMENT,1,1,0,0,0,0.0,0,1,0,0,0,0,30.0,5.4,1464.6
PAY0296,DUPLICATE_BANK_TRANSACTION,DUPLICATE_BANK_TRANSACTION,0.9999,99.99,HIGH,NO_EXCEPTION,0.0001,1,AI_AGREES_WITH_ENGINE,CONFIRMED_EXCEPTION,MEDIUM,AUTO-CLASSIFIED EXCEPTION,1,0,DUPLICATE_BANK_TRANSACTION,1,1,1,1,2,0.0,0,1,1,1,2,1,0.0,0.0,0.0
PAY0297,NO_EXCEPTION,NO_EXCEPTION,0.9973,99.73,HIGH,BANK_AMOUNT_MISMATCH,0.0026,1,AI_AGREES_WITH_ENGINE,NORMAL_RECONCILIATION,LOW,AUTO-CLEARED,1,0,NO_EXCEPTION,1,1,1,1,1,0.0,0,1,1,1,1,0,0.0,0.0,0.0
PAY0298,NO_EXCEPTION,NO_EXCEPTION,0.9973,99.73,HIGH,BANK_AMOUNT_MISMATCH,0.0026,1,AI_AGREES_WITH_ENGINE,NORMAL_RECONCILIATION,LOW,AUTO-CLEARED,1,0,NO_EXCEPTION,1,1,1,1,1,0.0,0,1,1,1,1,0,0.0,0.0,0.0
PAY0299,NO_EXCEPTION,NO_EXCEPTION,0.9989,99.89,HIGH,BANK_AMOUNT_MISMATCH,0.0011,1,AI_AGREES_WITH_ENGINE,NORMAL_RECONCILIATION,LOW,AUTO-CLEARED,1,0,NO_EXCEPTION,1,1,1,1,1,0.0,0,1,1,1,1,0,0.0,0.0,0.0
PAY0300,NO_EXCEPTION,NO_EXCEPTION,0.9994,99.94,HIGH,BANK_AMOUNT_MISMATCH,0.0006,1,AI_AGREES_WITH_ENGINE,NORMAL_RECONCILIATION,LOW,AUTO-CLEARED,1,0,NO_EXCEPTION,1,1,1,1,1,0.0,0,1,1,1,1,0,0.0,0.0,0.0
PAY0301,NO_EXCEPTION,NO_EXCEPTION,0.9976,99.76,HIGH,BANK_AMOUNT_MISMATCH,0.0024,1,AI_AGREES_WITH_ENGINE,NORMAL_RECONCILIATION,LOW,AUTO-CLEARED,1,0,NO_EXCEPTION,1,1,1,1,1,0.0,0,1,1,1,1,0,0.0,0.0,0.0
PAY0302,NO_EXCEPTION,NO_EXCEPTION,0.9984,99.84,HIGH,BANK_AMOUNT_MISMATCH,0.0015,1,AI_AGREES_WITH_ENGINE,NORMAL_RECONCILIATION,LOW,AUTO-CLEARED,1,0,NO_EXCEPTION,1,1,1,1,1,0.0,0,1,1,1,1,0,0.0,0.0,0.0
PAY0303,NO_EXCEPTION,NO_EXCEPTION,0.9975,99.75,HIGH,BANK_AMOUNT_MISMATCH,0.0025,1,AI_AGREES_WITH_ENGINE,NORMAL_RECONCILIATION,LOW,AUTO-CLEARED,1,0,NO_EXCEPTION,1,1,1,1,1,0.0,0,1,1,1,1,0,0.0,0.0,0.0
PAY0304,NO_EXCEPTION,NO_EXCEPTION,0.9984,99.84,HIGH,BANK_AMOUNT_MISMATCH,0.0015,1,AI_AGREES_WITH_ENGINE,NORMAL_RECONCILIATION,LOW,AUTO-CLEARED,1,0,NO_EXCEPTION,1,1,1,1,1,0.0,0,1,1,1,1,0,0.0,0.0,0.0
PAY0305,NO_EXCEPTION,NO_EXCEPTION,0.9989,99.89,HIGH,BANK_AMOUNT_MISMATCH,0.0011,1,AI_AGREES_WITH_ENGINE,NORMAL_RECONCILIATION,LOW,AUTO-CLEARED,1,0,NO_EXCEPTION,1,1,1,1,1,0.0,0,1,1,1,1,0,0.0,0.0,0.0
PAY0306,NO_EXCEPTION,NO_EXCEPTION,0.994,99.4,HIGH,BANK_AMOUNT_MISMATCH,0.0059,1,AI_AGREES_WITH_ENGINE,NORMAL_RECONCILIATION,LOW,AUTO-CLEARED,1,0,NO_EXCEPTION,1,1,1,1,1,0.0,0,1,1,1,1,0,0.0,0.0,0.0
PAY0307,NO_EXCEPTION,NO_EXCEPTION,0.9999,99.99,HIGH,BANK_AMOUNT_MISMATCH,0.0001,1,AI_AGREES_WITH_ENGINE,NORMAL_RECONCILIATION,LOW,AUTO-CLEARED,1,0,NO_EXCEPTION,1,1,1,1,1,0.0,0,1,1,1,1,0,0.0,0.0,0.0
PAY0308,NO_EXCEPTION,NO_EXCEPTION,0.9984,99.84,HIGH,BANK_AMOUNT_MISMATCH,0.0015,1,AI_AGREES_WITH_ENGINE,NORMAL_RECONCILIATION,LOW,AUTO-CLEARED,1,0,NO_EXCEPTION,1,1,1,1,1,0.0,0,1,1,1,1,0,0.0,0.0,0.0
PAY0309,NO_EXCEPTION,NO_EXCEPTION,0.9997,99.97,HIGH,BANK_AMOUNT_MISMATCH,0.0003,1,AI_AGREES_WITH_ENGINE,NORMAL_RECONCILIATION,LOW,AUTO-CLEARED,1,0,NO_EXCEPTION,1,1,1,1,1,0.0,0,1,1,1,1,0,0.0,0.0,0.0
PAY0310,DUPLICATE_BANK_TRANSACTION,DUPLICATE_BANK_TRANSACTION,0.9999,99.99,HIGH,NO_EXCEPTION,0.0001,1,AI_AGREES_WITH_ENGINE,CONFIRMED_EXCEPTION,MEDIUM,AUTO-CLASSIFIED EXCEPTION,1,0,DUPLICATE_BANK_TRANSACTION,1,1,1,1,2,0.0,0,1,1,1,2,1,0.0,0.0,0.0
PAY0311,NO_EXCEPTION,NO_EXCEPTION,0.994,99.4,HIGH,BANK_AMOUNT_MISMATCH,0.0059,1,AI_AGREES_WITH_ENGINE,NORMAL_RECONCILIATION,LOW,AUTO-CLEARED,1,0,NO_EXCEPTION,1,1,1,1,1,0.0,0,1,1,1,1,0,0.0,0.0,0.0
PAY0312,NO_EXCEPTION,NO_EXCEPTION,0.9989,99.89,HIGH,BANK_AMOUNT_MISMATCH,0.0011,1,AI_AGREES_WITH_ENGINE,NORMAL_RECONCILIATION,LOW,AUTO-CLEARED,1,0,NO_EXCEPTION,1,1,1,1,1,0.0,0,1,1,1,1,0,0.0,0.0,0.0
PAY0313,NO_EXCEPTION,NO_EXCEPTION,0.9984,99.84,HIGH,BANK_AMOUNT_MISMATCH,0.0015,1,AI_AGREES_WITH_ENGINE,NORMAL_RECONCILIATION,LOW,AUTO-CLEARED,1,0,NO_EXCEPTION,1,1,1,1,1,0.0,0,1,1,1,1,0,0.0,0.0,0.0
PAY0314,NO_EXCEPTION,NO_EXCEPTION,0.9995,99.95,HIGH,BANK_AMOUNT_MISMATCH,0.0005,1,AI_AGREES_WITH_ENGINE,NORMAL_RECONCILIATION,LOW,AUTO-CLEARED,1,0,NO_EXCEPTION,1,1,1,1,1,0.0,0,1,1,1,1,0,0.0,0.0,0.0
PAY0315,NO_EXCEPTION,NO_EXCEPTION,0.9997,99.97,HIGH,BANK_AMOUNT_MISMATCH,0.0003,1,AI_AGREES_WITH_ENGINE,NORMAL_RECONCILIATION,LOW,AUTO-CLEARED,1,0,NO_EXCEPTION,1,1,1,1,1,0.0,0,1,1,1,1,0,0.0,0.0,0.0
PAY0316,FEE_MISMATCH,FEE_MISMATCH,0.9999,99.99,HIGH,NO_EXCEPTION,0.0001,1,AI_AGREES_WITH_ENGINE,CONFIRMED_EXCEPTION,MEDIUM,AUTO-CLASSIFIED EXCEPTION,1,0,FEE_MISMATCH,1,1,1,1,1,300.0,0,1,1,1,1,0,300.0,0.0,300.0
PAY0317,NO_EXCEPTION,NO_EXCEPTION,0.9973,99.73,HIGH,BANK_AMOUNT_MISMATCH,0.0026,1,AI_AGREES_WITH_ENGINE,NORMAL_RECONCILIATION,LOW,AUTO-CLEARED,1,0,NO_EXCEPTION,1,1,1,1,1,0.0,0,1,1,1,1,0,0.0,0.0,0.0
PAY0318,NO_EXCEPTION,NO_EXCEPTION,0.994,99.4,HIGH,BANK_AMOUNT_MISMATCH,0.0059,1,AI_AGREES_WITH_ENGINE,NORMAL_RECONCILIATION,LOW,AUTO-CLEARED,1,0,NO_EXCEPTION,1,1,1,1,1,0.0,0,1,1,1,1,0,0.0,0.0,0.0
PAY0319,NO_EXCEPTION,NO_EXCEPTION,0.9984,99.84,HIGH,BANK_AMOUNT_MISMATCH,0.0015,1,AI_AGREES_WITH_ENGINE,NORMAL_RECONCILIATION,LOW,AUTO-CLEARED,1,0,NO_EXCEPTION,1,1,1,1,1,0.0,0,1,1,1,1,0,0.0,0.0,0.0
PAY0320,NO_EXCEPTION,NO_EXCEPTION,0.9984,99.84,HIGH,BANK_AMOUNT_MISMATCH,0.0015,1,AI_AGREES_WITH_ENGINE,NORMAL_RECONCILIATION,LOW,AUTO-CLEARED,1,0,NO_EXCEPTION,1,1,1,1,1,0.0,0,1,1,1,1,0,0.0,0.0,0.0
PAY0321,NO_EXCEPTION,NO_EXCEPTION,0.994,99.4,HIGH,BANK_AMOUNT_MISMATCH,0.0059,1,AI_AGREES_WITH_ENGINE,NORMAL_RECONCILIATION,LOW,AUTO-CLEARED,1,0,NO_EXCEPTION,1,1,1,1,1,0.0,0,1,1,1,1,0,0.0,0.0,0.0
PAY0322,NO_EXCEPTION,NO_EXCEPTION,0.9997,99.97,HIGH,BANK_AMOUNT_MISMATCH,0.0003,1,AI_AGREES_WITH_ENGINE,NORMAL_RECONCILIATION,LOW,AUTO-CLEARED,1,0,NO_EXCEPTION,1,1,1,1,1,0.0,0,1,1,1,1,0,0.0,0.0,0.0
PAY0323,NO_EXCEPTION,NO_EXCEPTION,0.9999,99.99,HIGH,BANK_AMOUNT_MISMATCH,0.0001,1,AI_AGREES_WITH_ENGINE,NORMAL_RECONCILIATION,LOW,AUTO-CLEARED,1,0,NO_EXCEPTION,1,1,1,1,1,0.0,0,1,1,1,1,0,0.0,0.0,0.0
PAY0324,NO_EXCEPTION,NO_EXCEPTION,0.9997,99.97,HIGH,BANK_AMOUNT_MISMATCH,0.0003,1,AI_AGREES_WITH_ENGINE,NORMAL_RECONCILIATION,LOW,AUTO-CLEARED,1,0,NO_EXCEPTION,1,1,1,1,1,0.0,0,1,1,1,1,0,0.0,0.0,0.0
PAY0325,NO_EXCEPTION,NO_EXCEPTION,0.9999,99.99,HIGH,BANK_AMOUNT_MISMATCH,0.0001,1,AI_AGREES_WITH_ENGINE,NORMAL_RECONCILIATION,LOW,AUTO-CLEARED,1,0,NO_EXCEPTION,1,1,1,1,1,0.0,0,1,1,1,1,0,0.0,0.0,0.0
PAY0326,BANK_AMOUNT_MISMATCH,FEE_MISMATCH,0.9988,99.88,HIGH,NO_EXCEPTION,0.0012,0,AI_EXCEPTION_TYPE_DISAGREEMENT,EXCEPTION_CLASS_DISAGREEMENT,HIGH,MANDATORY REVIEW,0,1,BANK_AMOUNT_MISMATCH,1,0,1,1,1,400.0,0,1,1,1,1,0,0.0,0.0,0.0
PAY0327,UTR_MISMATCH,UTR_MISMATCH,0.9919,99.19,HIGH,NO_EXCEPTION,0.0078,1,AI_AGREES_WITH_ENGINE,CONFIRMED_EXCEPTION,MEDIUM,AUTO-CLASSIFIED EXCEPTION,1,0,UTR_MISMATCH,1,1,1,0,0,0.0,0,1,1,0,0,0,0.0,0.0,0.0
PAY0328,NO_EXCEPTION,NO_EXCEPTION,0.9999,99.99,HIGH,BANK_AMOUNT_MISMATCH,0.0001,1,AI_AGREES_WITH_ENGINE,NORMAL_RECONCILIATION,LOW,AUTO-CLEARED,1,0,NO_EXCEPTION,1,1,1,1,1,0.0,0,1,1,1,1,0,0.0,0.0,0.0
PAY0329,NO_EXCEPTION,NO_EXCEPTION,0.9984,99.84,HIGH,BANK_AMOUNT_MISMATCH,0.0015,1,AI_AGREES_WITH_ENGINE,NORMAL_RECONCILIATION,LOW,AUTO-CLEARED,1,0,NO_EXCEPTION,1,1,1,1,1,0.0,0,1,1,1,1,0,0.0,0.0,0.0
PAY0330,NO_EXCEPTION,NO_EXCEPTION,0.9975,99.75,HIGH,BANK_AMOUNT_MISMATCH,0.0025,1,AI_AGREES_WITH_ENGINE,NORMAL_RECONCILIATION,LOW,AUTO-CLEARED,1,0,NO_EXCEPTION,1,1,1,1,1,0.0,0,1,1,1,1,0,0.0,0.0,0.0
PAY0331,NO_EXCEPTION,NO_EXCEPTION,0.9989,99.89,HIGH,BANK_AMOUNT_MISMATCH,0.0011,1,AI_AGREES_WITH_ENGINE,NORMAL_RECONCILIATION,LOW,AUTO-CLEARED,1,0,NO_EXCEPTION,1,1,1,1,1,0.0,0,1,1,1,1,0,0.0,0.0,0.0
PAY0332,NO_EXCEPTION,NO_EXCEPTION,0.9984,99.84,HIGH,BANK_AMOUNT_MISMATCH,0.0015,1,AI_AGREES_WITH_ENGINE,NORMAL_RECONCILIATION,LOW,AUTO-CLEARED,1,0,NO_EXCEPTION,1,1,1,1,1,0.0,0,1,1,1,1,0,0.0,0.0,0.0
PAY0333,NO_EXCEPTION,NO_EXCEPTION,0.9984,99.84,HIGH,BANK_AMOUNT_MISMATCH,0.0015,1,AI_AGREES_WITH_ENGINE,NORMAL_RECONCILIATION,LOW,AUTO-CLEARED,1,0,NO_EXCEPTION,1,1,1,1,1,0.0,0,1,1,1,1,0,0.0,0.0,0.0
PAY0334,NO_EXCEPTION,NO_EXCEPTION,0.9994,99.94,HIGH,BANK_AMOUNT_MISMATCH,0.0006,1,AI_AGREES_WITH_ENGINE,NORMAL_RECONCILIATION,LOW,AUTO-CLEARED,1,0,NO_EXCEPTION,1,1,1,1,1,0.0,0,1,1,1,1,0,0.0,0.0,0.0
PAY0335,NO_EXCEPTION,NO_EXCEPTION,0.9999,99.99,HIGH,BANK_AMOUNT_MISMATCH,0.0001,1,AI_AGREES_WITH_ENGINE,NORMAL_RECONCILIATION,LOW,AUTO-CLEARED,1,0,NO_EXCEPTION,1,1,1,1,1,0.0,0,1,1,1,1,0,0.0,0.0,0.0
PAY0336,NO_EXCEPTION,NO_EXCEPTION,0.9999,99.99,HIGH,BANK_AMOUNT_MISMATCH,0.0001,1,AI_AGREES_WITH_ENGINE,NORMAL_RECONCILIATION,LOW,AUTO-CLEARED,1,0,NO_EXCEPTION,1,1,1,1,1,0.0,0,1,1,1,1,0,0.0,0.0,0.0
PAY0337,NO_EXCEPTION,NO_EXCEPTION,0.9975,99.75,HIGH,BANK_AMOUNT_MISMATCH,0.0025,1,AI_AGREES_WITH_ENGINE,NORMAL_RECONCILIATION,LOW,AUTO-CLEARED,1,0,NO_EXCEPTION,1,1,1,1,1,0.0,0,1,1,1,1,0,0.0,0.0,0.0
PAY0338,NO_EXCEPTION,NO_EXCEPTION,0.9994,99.94,HIGH,BANK_AMOUNT_MISMATCH,0.0006,1,AI_AGREES_WITH_ENGINE,NORMAL_RECONCILIATION,LOW,AUTO-CLEARED,1,0,NO_EXCEPTION,1,1,1,1,1,0.0,0,1,1,1,1,0,0.0,0.0,0.0
PAY0339,NO_EXCEPTION,NO_EXCEPTION,0.9999,99.99,HIGH,BANK_AMOUNT_MISMATCH,0.0001,1,AI_AGREES_WITH_ENGINE,NORMAL_RECONCILIATION,LOW,AUTO-CLEARED,1,0,NO_EXCEPTION,1,1,1,1,1,0.0,0,1,1,1,1,0,0.0,0.0,0.0
PAY0340,NO_EXCEPTION,NO_EXCEPTION,0.9975,99.75,HIGH,BANK_AMOUNT_MISMATCH,0.0025,1,AI_AGREES_WITH_ENGINE,NORMAL_RECONCILIATION,LOW,AUTO-CLEARED,1,0,NO_EXCEPTION,1,1,1,1,1,0.0,0,1,1,1,1,0,0.0,0.0,0.0
PAY0341,NO_EXCEPTION,NO_EXCEPTION,0.9999,99.99,HIGH,BANK_AMOUNT_MISMATCH,0.0001,1,AI_AGREES_WITH_ENGINE,NORMAL_RECONCILIATION,LOW,AUTO-CLEARED,1,0,NO_EXCEPTION,1,1,1,1,1,0.0,0,1,1,1,1,0,0.0,0.0,0.0
PAY0342,NO_EXCEPTION,NO_EXCEPTION,0.9976,99.76,HIGH,BANK_AMOUNT_MISMATCH,0.0024,1,AI_AGREES_WITH_ENGINE,NORMAL_RECONCILIATION,LOW,AUTO-CLEARED,1,0,NO_EXCEPTION,1,1,1,1,1,0.0,0,1,1,1,1,0,0.0,0.0,0.0
PAY0343,NO_EXCEPTION,NO_EXCEPTION,0.9976,99.76,HIGH,BANK_AMOUNT_MISMATCH,0.0024,1,AI_AGREES_WITH_ENGINE,NORMAL_RECONCILIATION,LOW,AUTO-CLEARED,1,0,NO_EXCEPTION,1,1,1,1,1,0.0,0,1,1,1,1,0,0.0,0.0,0.0
PAY0344,NO_EXCEPTION,NO_EXCEPTION,0.9994,99.94,HIGH,BANK_AMOUNT_MISMATCH,0.0006,1,AI_AGREES_WITH_ENGINE,NORMAL_RECONCILIATION,LOW,AUTO-CLEARED,1,0,NO_EXCEPTION,1,1,1,1,1,0.0,0,1,1,1,1,0,0.0,0.0,0.0
PAY0345,NO_EXCEPTION,NO_EXCEPTION,0.9975,99.75,HIGH,BANK_AMOUNT_MISMATCH,0.0025,1,AI_AGREES_WITH_ENGINE,NORMAL_RECONCILIATION,LOW,AUTO-CLEARED,1,0,NO_EXCEPTION,1,1,1,1,1,0.0,0,1,1,1,1,0,0.0,0.0,0.0
PAY0346,NO_EXCEPTION,NO_EXCEPTION,0.9973,99.73,HIGH,BANK_AMOUNT_MISMATCH,0.0026,1,AI_AGREES_WITH_ENGINE,NORMAL_RECONCILIATION,LOW,AUTO-CLEARED,1,0,NO_EXCEPTION,1,1,1,1,1,0.0,0,1,1,1,1,0,0.0,0.0,0.0
PAY0347,NO_EXCEPTION,NO_EXCEPTION,0.9976,99.76,HIGH,BANK_AMOUNT_MISMATCH,0.0024,1,AI_AGREES_WITH_ENGINE,NORMAL_RECONCILIATION,LOW,AUTO-CLEARED,1,0,NO_EXCEPTION,1,1,1,1,1,0.0,0,1,1,1,1,0,0.0,0.0,0.0
PAY0348,NO_EXCEPTION,NO_EXCEPTION,0.9997,99.97,HIGH,BANK_AMOUNT_MISMATCH,0.0003,1,AI_AGREES_WITH_ENGINE,NORMAL_RECONCILIATION,LOW,AUTO-CLEARED,1,0,NO_EXCEPTION,1,1,1,1,1,0.0,0,1,1,1,1,0,0.0,0.0,0.0
PAY0349,DATE_MISMATCH,NO_EXCEPTION,0.9976,99.76,HIGH,BANK_AMOUNT_MISMATCH,0.0024,0,AI_FAILED_TO_DETECT_EXCEPTION,AI_FALSE_NEGATIVE_RISK,HIGH,MANDATORY REVIEW,0,1,DATE_MISMATCH,1,0,1,1,1,0.0,16,0,1,1,1,0,0.0,0.0,0.0
PAY0350,DUPLICATE_BANK_TRANSACTION,DUPLICATE_BANK_TRANSACTION,0.9997,99.97,HIGH,NO_EXCEPTION,0.0003,1,AI_AGREES_WITH_ENGINE,CONFIRMED_EXCEPTION,MEDIUM,AUTO-CLASSIFIED EXCEPTION,1,0,DUPLICATE_BANK_TRANSACTION,1,1,1,1,2,0.0,0,1,1,1,2,1,0.0,0.0,0.0
PAY0351,NO_EXCEPTION,NO_EXCEPTION,0.9999,99.99,HIGH,BANK_AMOUNT_MISMATCH,0.0001,1,AI_AGREES_WITH_ENGINE,NORMAL_RECONCILIATION,LOW,AUTO-CLEARED,1,0,NO_EXCEPTION,1,1,1,1,1,0.0,0,1,1,1,1,0,0.0,0.0,0.0
PAY0352,NO_EXCEPTION,NO_EXCEPTION,0.9997,99.97,HIGH,BANK_AMOUNT_MISMATCH,0.0003,1,AI_AGREES_WITH_ENGINE,NORMAL_RECONCILIATION,LOW,AUTO-CLEARED,1,0,NO_EXCEPTION,1,1,1,1,1,0.0,0,1,1,1,1,0,0.0,0.0,0.0
PAY0353,NO_EXCEPTION,NO_EXCEPTION,0.9984,99.84,HIGH,BANK_AMOUNT_MISMATCH,0.0015,1,AI_AGREES_WITH_ENGINE,NORMAL_RECONCILIATION,LOW,AUTO-CLEARED,1,0,NO_EXCEPTION,1,1,1,1,1,0.0,0,1,1,1,1,0,0.0,0.0,0.0
PAY0354,NO_EXCEPTION,NO_EXCEPTION,0.9975,99.75,HIGH,BANK_AMOUNT_MISMATCH,0.0025,1,AI_AGREES_WITH_ENGINE,NORMAL_RECONCILIATION,LOW,AUTO-CLEARED,1,0,NO_EXCEPTION,1,1,1,1,1,0.0,0,1,1,1,1,0,0.0,0.0,0.0
PAY0355,NO_EXCEPTION,NO_EXCEPTION,0.9997,99.97,HIGH,BANK_AMOUNT_MISMATCH,0.0003,1,AI_AGREES_WITH_ENGINE,NORMAL_RECONCILIATION,LOW,AUTO-CLEARED,1,0,NO_EXCEPTION,1,1,1,1,1,0.0,0,1,1,1,1,0,0.0,0.0,0.0
PAY0356,NO_EXCEPTION,NO_EXCEPTION,0.9975,99.75,HIGH,BANK_AMOUNT_MISMATCH,0.0025,1,AI_AGREES_WITH_ENGINE,NORMAL_RECONCILIATION,LOW,AUTO-CLEARED,1,0,NO_EXCEPTION,1,1,1,1,1,0.0,0,1,1,1,1,0,0.0,0.0,0.0
PAY0357,NO_EXCEPTION,NO_EXCEPTION,0.9973,99.73,HIGH,BANK_AMOUNT_MISMATCH,0.0026,1,AI_AGREES_WITH_ENGINE,NORMAL_RECONCILIATION,LOW,AUTO-CLEARED,1,0,NO_EXCEPTION,1,1,1,1,1,0.0,0,1,1,1,1,0,0.0,0.0,0.0
PAY0358,NO_EXCEPTION,NO_EXCEPTION,0.9997,99.97,HIGH,BANK_AMOUNT_MISMATCH,0.0003,1,AI_AGREES_WITH_ENGINE,NORMAL_RECONCILIATION,LOW,AUTO-CLEARED,1,0,NO_EXCEPTION,1,1,1,1,1,0.0,0,1,1,1,1,0,0.0,0.0,0.0
PAY0359,NO_EXCEPTION,NO_EXCEPTION,0.9997,99.97,HIGH,BANK_AMOUNT_MISMATCH,0.0003,1,AI_AGREES_WITH_ENGINE,NORMAL_RECONCILIATION,LOW,AUTO-CLEARED,1,0,NO_EXCEPTION,1,1,1,1,1,0.0,0,1,1,1,1,0,0.0,0.0,0.0
PAY0360,NO_EXCEPTION,NO_EXCEPTION,0.9989,99.89,HIGH,BANK_AMOUNT_MISMATCH,0.0011,1,AI_AGREES_WITH_ENGINE,NORMAL_RECONCILIATION,LOW,AUTO-CLEARED,1,0,NO_EXCEPTION,1,1,1,1,1,0.0,0,1,1,1,1,0,0.0,0.0,0.0
PAY0361,DUPLICATE_BANK_TRANSACTION,DUPLICATE_BANK_TRANSACTION,0.9998,99.98,HIGH,NO_EXCEPTION,0.0002,1,AI_AGREES_WITH_ENGINE,CONFIRMED_EXCEPTION,MEDIUM,AUTO-CLASSIFIED EXCEPTION,1,0,DUPLICATE_BANK_TRANSACTION,1,1,1,1,2,0.0,0,1,1,1,2,1,0.0,0.0,0.0
PAY0362,NO_EXCEPTION,NO_EXCEPTION,0.9989,99.89,HIGH,BANK_AMOUNT_MISMATCH,0.0011,1,AI_AGREES_WITH_ENGINE,NORMAL_RECONCILIATION,LOW,AUTO-CLEARED,1,0,NO_EXCEPTION,1,1,1,1,1,0.0,0,1,1,1,1,0,0.0,0.0,0.0
PAY0363,NO_EXCEPTION,NO_EXCEPTION,0.9995,99.95,HIGH,BANK_AMOUNT_MISMATCH,0.0005,1,AI_AGREES_WITH_ENGINE,NORMAL_RECONCILIATION,LOW,AUTO-CLEARED,1,0,NO_EXCEPTION,1,1,1,1,1,0.0,0,1,1,1,1,0,0.0,0.0,0.0
PAY0364,NO_EXCEPTION,NO_EXCEPTION,0.9989,99.89,HIGH,BANK_AMOUNT_MISMATCH,0.0011,1,AI_AGREES_WITH_ENGINE,NORMAL_RECONCILIATION,LOW,AUTO-CLEARED,1,0,NO_EXCEPTION,1,1,1,1,1,0.0,0,1,1,1,1,0,0.0,0.0,0.0
PAY0365,NO_EXCEPTION,NO_EXCEPTION,0.9984,99.84,HIGH,BANK_AMOUNT_MISMATCH,0.0015,1,AI_AGREES_WITH_ENGINE,NORMAL_RECONCILIATION,LOW,AUTO-CLEARED,1,0,NO_EXCEPTION,1,1,1,1,1,0.0,0,1,1,1,1,0,0.0,0.0,0.0
PAY0366,NO_EXCEPTION,NO_EXCEPTION,0.9994,99.94,HIGH,BANK_AMOUNT_MISMATCH,0.0006,1,AI_AGREES_WITH_ENGINE,NORMAL_RECONCILIATION,LOW,AUTO-CLEARED,1,0,NO_EXCEPTION,1,1,1,1,1,0.0,0,1,1,1,1,0,0.0,0.0,0.0
PAY0367,NO_EXCEPTION,NO_EXCEPTION,0.9989,99.89,HIGH,BANK_AMOUNT_MISMATCH,0.0011,1,AI_AGREES_WITH_ENGINE,NORMAL_RECONCILIATION,LOW,AUTO-CLEARED,1,0,NO_EXCEPTION,1,1,1,1,1,0.0,0,1,1,1,1,0,0.0,0.0,0.0
PAY0368,NO_EXCEPTION,NO_EXCEPTION,0.994,99.4,HIGH,BANK_AMOUNT_MISMATCH,0.0059,1,AI_AGREES_WITH_ENGINE,NORMAL_RECONCILIATION,LOW,AUTO-CLEARED,1,0,NO_EXCEPTION,1,1,1,1,1,0.0,0,1,1,1,1,0,0.0,0.0,0.0
PAY0369,NO_EXCEPTION,NO_EXCEPTION,0.9984,99.84,HIGH,BANK_AMOUNT_MISMATCH,0.0015,1,AI_AGREES_WITH_ENGINE,NORMAL_RECONCILIATION,LOW,AUTO-CLEARED,1,0,NO_EXCEPTION,1,1,1,1,1,0.0,0,1,1,1,1,0,0.0,0.0,0.0
PAY0370,NO_EXCEPTION,NO_EXCEPTION,0.9995,99.95,HIGH,BANK_AMOUNT_MISMATCH,0.0005,1,AI_AGREES_WITH_ENGINE,NORMAL_RECONCILIATION,LOW,AUTO-CLEARED,1,0,NO_EXCEPTION,1,1,1,1,1,0.0,0,1,1,1,1,0,0.0,0.0,0.0
PAY0371,NO_EXCEPTION,NO_EXCEPTION,0.9973,99.73,HIGH,BANK_AMOUNT_MISMATCH,0.0026,1,AI_AGREES_WITH_ENGINE,NORMAL_RECONCILIATION,LOW,AUTO-CLEARED,1,0,NO_EXCEPTION,1,1,1,1,1,0.0,0,1,1,1,1,0,0.0,0.0,0.0
PAY0372,NO_EXCEPTION,NO_EXCEPTION,0.9995,99.95,HIGH,BANK_AMOUNT_MISMATCH,0.0005,1,AI_AGREES_WITH_ENGINE,NORMAL_RECONCILIATION,LOW,AUTO-CLEARED,1,0,NO_EXCEPTION,1,1,1,1,1,0.0,0,1,1,1,1,0,0.0,0.0,0.0
PAY0373,NO_EXCEPTION,NO_EXCEPTION,0.994,99.4,HIGH,BANK_AMOUNT_MISMATCH,0.0059,1,AI_AGREES_WITH_ENGINE,NORMAL_RECONCILIATION,LOW,AUTO-CLEARED,1,0,NO_EXCEPTION,1,1,1,1,1,0.0,0,1,1,1,1,0,0.0,0.0,0.0
PAY0374,NO_EXCEPTION,NO_EXCEPTION,0.9997,99.97,HIGH,BANK_AMOUNT_MISMATCH,0.0003,1,AI_AGREES_WITH_ENGINE,NORMAL_RECONCILIATION,LOW,AUTO-CLEARED,1,0,NO_EXCEPTION,1,1,1,1,1,0.0,0,1,1,1,1,0,0.0,0.0,0.0
PAY0375,NO_EXCEPTION,NO_EXCEPTION,0.9989,99.89,HIGH,BANK_AMOUNT_MISMATCH,0.0011,1,AI_AGREES_WITH_ENGINE,NORMAL_RECONCILIATION,LOW,AUTO-CLEARED,1,0,NO_EXCEPTION,1,1,1,1,1,0.0,0,1,1,1,1,0,0.0,0.0,0.0
PAY0376,NO_EXCEPTION,NO_EXCEPTION,0.9994,99.94,HIGH,BANK_AMOUNT_MISMATCH,0.0006,1,AI_AGREES_WITH_ENGINE,NORMAL_RECONCILIATION,LOW,AUTO-CLEARED,1,0,NO_EXCEPTION,1,1,1,1,1,0.0,0,1,1,1,1,0,0.0,0.0,0.0
PAY0377,NO_EXCEPTION,NO_EXCEPTION,0.994,99.4,HIGH,BANK_AMOUNT_MISMATCH,0.0059,1,AI_AGREES_WITH_ENGINE,NORMAL_RECONCILIATION,LOW,AUTO-CLEARED,1,0,NO_EXCEPTION,1,1,1,1,1,0.0,0,1,1,1,1,0,0.0,0.0,0.0
PAY0378,NO_EXCEPTION,NO_EXCEPTION,0.994,99.4,HIGH,BANK_AMOUNT_MISMATCH,0.0059,1,AI_AGREES_WITH_ENGINE,NORMAL_RECONCILIATION,LOW,AUTO-CLEARED,1,0,NO_EXCEPTION,1,1,1,1,1,0.0,0,1,1,1,1,0,0.0,0.0,0.0
PAY0379,NO_EXCEPTION,NO_EXCEPTION,0.9997,99.97,HIGH,BANK_AMOUNT_MISMATCH,0.0003,1,AI_AGREES_WITH_ENGINE,NORMAL_RECONCILIATION,LOW,AUTO-CLEARED,1,0,NO_EXCEPTION,1,1,1,1,1,0.0,0,1,1,1,1,0,0.0,0.0,0.0
PAY0380,NO_EXCEPTION,NO_EXCEPTION,0.9984,99.84,HIGH,BANK_AMOUNT_MISMATCH,0.0015,1,AI_AGREES_WITH_ENGINE,NORMAL_RECONCILIATION,LOW,AUTO-CLEARED,1,0,NO_EXCEPTION,1,1,1,1,1,0.0,0,1,1,1,1,0,0.0,0.0,0.0
PAY0381,NO_EXCEPTION,NO_EXCEPTION,0.9999,99.99,HIGH,BANK_AMOUNT_MISMATCH,0.0001,1,AI_AGREES_WITH_ENGINE,NORMAL_RECONCILIATION,LOW,AUTO-CLEARED,1,0,NO_EXCEPTION,1,1,1,1,1,0.0,0,1,1,1,1,0,0.0,0.0,0.0
PAY0382,NO_EXCEPTION,NO_EXCEPTION,0.9989,99.89,HIGH,BANK_AMOUNT_MISMATCH,0.0011,1,AI_AGREES_WITH_ENGINE,NORMAL_RECONCILIATION,LOW,AUTO-CLEARED,1,0,NO_EXCEPTION,1,1,1,1,1,0.0,0,1,1,1,1,0,0.0,0.0,0.0
PAY0383,NO_EXCEPTION,NO_EXCEPTION,0.994,99.4,HIGH,BANK_AMOUNT_MISMATCH,0.0059,1,AI_AGREES_WITH_ENGINE,NORMAL_RECONCILIATION,LOW,AUTO-CLEARED,1,0,NO_EXCEPTION,1,1,1,1,1,0.0,0,1,1,1,1,0,0.0,0.0,0.0
PAY0384,NO_EXCEPTION,NO_EXCEPTION,0.9989,99.89,HIGH,BANK_AMOUNT_MISMATCH,0.0011,1,AI_AGREES_WITH_ENGINE,NORMAL_RECONCILIATION,LOW,AUTO-CLEARED,1,0,NO_EXCEPTION,1,1,1,1,1,0.0,0,1,1,1,1,0,0.0,0.0,0.0
PAY0385,NO_EXCEPTION,NO_EXCEPTION,0.9989,99.89,HIGH,BANK_AMOUNT_MISMATCH,0.0011,1,AI_AGREES_WITH_ENGINE,NORMAL_RECONCILIATION,LOW,AUTO-CLEARED,1,0,NO_EXCEPTION,1,1,1,1,1,0.0,0,1,1,1,1,0,0.0,0.0,0.0
PAY0386,NO_EXCEPTION,NO_EXCEPTION,0.9997,99.97,HIGH,BANK_AMOUNT_MISMATCH,0.0003,1,AI_AGREES_WITH_ENGINE,NORMAL_RECONCILIATION,LOW,AUTO-CLEARED,1,0,NO_EXCEPTION,1,1,1,1,1,0.0,0,1,1,1,1,0,0.0,0.0,0.0
PAY0387,NO_EXCEPTION,NO_EXCEPTION,0.9995,99.95,HIGH,BANK_AMOUNT_MISMATCH,0.0005,1,AI_AGREES_WITH_ENGINE,NORMAL_RECONCILIATION,LOW,AUTO-CLEARED,1,0,NO_EXCEPTION,1,1,1,1,1,0.0,0,1,1,1,1,0,0.0,0.0,0.0
PAY0388,NO_EXCEPTION,NO_EXCEPTION,0.9995,99.95,HIGH,BANK_AMOUNT_MISMATCH,0.0005,1,AI_AGREES_WITH_ENGINE,NORMAL_RECONCILIATION,LOW,AUTO-CLEARED,1,0,NO_EXCEPTION,1,1,1,1,1,0.0,0,1,1,1,1,0,0.0,0.0,0.0
PAY0389,NO_EXCEPTION,NO_EXCEPTION,0.9994,99.94,HIGH,BANK_AMOUNT_MISMATCH,0.0006,1,AI_AGREES_WITH_ENGINE,NORMAL_RECONCILIATION,LOW,AUTO-CLEARED,1,0,NO_EXCEPTION,1,1,1,1,1,0.0,0,1,1,1,1,0,0.0,0.0,0.0
PAY0390,NO_EXCEPTION,NO_EXCEPTION,0.9984,99.84,HIGH,BANK_AMOUNT_MISMATCH,0.0015,1,AI_AGREES_WITH_ENGINE,NORMAL_RECONCILIATION,LOW,AUTO-CLEARED,1,0,NO_EXCEPTION,1,1,1,1,1,0.0,0,1,1,1,1,0,0.0,0.0,0.0
PAY0391,NO_EXCEPTION,NO_EXCEPTION,0.9995,99.95,HIGH,BANK_AMOUNT_MISMATCH,0.0005,1,AI_AGREES_WITH_ENGINE,NORMAL_RECONCILIATION,LOW,AUTO-CLEARED,1,0,NO_EXCEPTION,1,1,1,1,1,0.0,0,1,1,1,1,0,0.0,0.0,0.0
PAY0392,NO_EXCEPTION,NO_EXCEPTION,0.994,99.4,HIGH,BANK_AMOUNT_MISMATCH,0.0059,1,AI_AGREES_WITH_ENGINE,NORMAL_RECONCILIATION,LOW,AUTO-CLEARED,1,0,NO_EXCEPTION,1,1,1,1,1,0.0,0,1,1,1,1,0,0.0,0.0,0.0
PAY0393,NO_EXCEPTION,NO_EXCEPTION,0.994,99.4,HIGH,BANK_AMOUNT_MISMATCH,0.0059,1,AI_AGREES_WITH_ENGINE,NORMAL_RECONCILIATION,LOW,AUTO-CLEARED,1,0,NO_EXCEPTION,1,1,1,1,1,0.0,0,1,1,1,1,0,0.0,0.0,0.0
PAY0394,NO_EXCEPTION,NO_EXCEPTION,0.9999,99.99,HIGH,BANK_AMOUNT_MISMATCH,0.0001,1,AI_AGREES_WITH_ENGINE,NORMAL_RECONCILIATION,LOW,AUTO-CLEARED,1,0,NO_EXCEPTION,1,1,1,1,1,0.0,0,1,1,1,1,0,0.0,0.0,0.0
PAY0395,NO_EXCEPTION,NO_EXCEPTION,0.9973,99.73,HIGH,BANK_AMOUNT_MISMATCH,0.0026,1,AI_AGREES_WITH_ENGINE,NORMAL_RECONCILIATION,LOW,AUTO-CLEARED,1,0,NO_EXCEPTION,1,1,1,1,1,0.0,0,1,1,1,1,0,0.0,0.0,0.0
PAY0396,NO_EXCEPTION,NO_EXCEPTION,0.9984,99.84,HIGH,BANK_AMOUNT_MISMATCH,0.0015,1,AI_AGREES_WITH_ENGINE,NORMAL_RECONCILIATION,LOW,AUTO-CLEARED,1,0,NO_EXCEPTION,1,1,1,1,1,0.0,0,1,1,1,1,0,0.0,0.0,0.0
PAY0397,NO_EXCEPTION,NO_EXCEPTION,0.9973,99.73,HIGH,BANK_AMOUNT_MISMATCH,0.0026,1,AI_AGREES_WITH_ENGINE,NORMAL_RECONCILIATION,LOW,AUTO-CLEARED,1,0,NO_EXCEPTION,1,1,1,1,1,0.0,0,1,1,1,1,0,0.0,0.0,0.0
PAY0398,NO_EXCEPTION,NO_EXCEPTION,0.9997,99.97,HIGH,BANK_AMOUNT_MISMATCH,0.0003,1,AI_AGREES_WITH_ENGINE,NORMAL_RECONCILIATION,LOW,AUTO-CLEARED,1,0,NO_EXCEPTION,1,1,1,1,1,0.0,0,1,1,1,1,0,0.0,0.0,0.0
PAY0399,NO_EXCEPTION,NO_EXCEPTION,0.994,99.4,HIGH,BANK_AMOUNT_MISMATCH,0.0059,1,AI_AGREES_WITH_ENGINE,NORMAL_RECONCILIATION,LOW,AUTO-CLEARED,1,0,NO_EXCEPTION,1,1,1,1,1,0.0,0,1,1,1,1,0,0.0,0.0,0.0
PAY0400,NO_EXCEPTION,NO_EXCEPTION,0.9995,99.95,HIGH,BANK_AMOUNT_MISMATCH,0.0005,1,AI_AGREES_WITH_ENGINE,NORMAL_RECONCILIATION,LOW,AUTO-CLEARED,1,0,NO_EXCEPTION,1,1,1,1,1,0.0,0,1,1,1,1,0,0.0,0.0,0.0
PAY0401,NO_EXCEPTION,NO_EXCEPTION,0.9984,99.84,HIGH,BANK_AMOUNT_MISMATCH,0.0015,1,AI_AGREES_WITH_ENGINE,NORMAL_RECONCILIATION,LOW,AUTO-CLEARED,1,0,NO_EXCEPTION,1,1,1,1,1,0.0,0,1,1,1,1,0,0.0,0.0,0.0
PAY0402,NO_EXCEPTION,NO_EXCEPTION,0.9989,99.89,HIGH,BANK_AMOUNT_MISMATCH,0.0011,1,AI_AGREES_WITH_ENGINE,NORMAL_RECONCILIATION,LOW,AUTO-CLEARED,1,0,NO_EXCEPTION,1,1,1,1,1,0.0,0,1,1,1,1,0,0.0,0.0,0.0
PAY0403,NO_EXCEPTION,NO_EXCEPTION,0.994,99.4,HIGH,BANK_AMOUNT_MISMATCH,0.0059,1,AI_AGREES_WITH_ENGINE,NORMAL_RECONCILIATION,LOW,AUTO-CLEARED,1,0,NO_EXCEPTION,1,1,1,1,1,0.0,0,1,1,1,1,0,0.0,0.0,0.0
PAY0404,NO_EXCEPTION,NO_EXCEPTION,0.9973,99.73,HIGH,BANK_AMOUNT_MISMATCH,0.0026,1,AI_AGREES_WITH_ENGINE,NORMAL_RECONCILIATION,LOW,AUTO-CLEARED,1,0,NO_EXCEPTION,1,1,1,1,1,0.0,0,1,1,1,1,0,0.0,0.0,0.0
PAY0405,NO_EXCEPTION,NO_EXCEPTION,0.9975,99.75,HIGH,BANK_AMOUNT_MISMATCH,0.0025,1,AI_AGREES_WITH_ENGINE,NORMAL_RECONCILIATION,LOW,AUTO-CLEARED,1,0,NO_EXCEPTION,1,1,1,1,1,0.0,0,1,1,1,1,0,0.0,0.0,0.0
PAY0406,NO_EXCEPTION,NO_EXCEPTION,0.9975,99.75,HIGH,BANK_AMOUNT_MISMATCH,0.0025,1,AI_AGREES_WITH_ENGINE,NORMAL_RECONCILIATION,LOW,AUTO-CLEARED,1,0,NO_EXCEPTION,1,1,1,1,1,0.0,0,1,1,1,1,0,0.0,0.0,0.0
PAY0407,NO_EXCEPTION,NO_EXCEPTION,0.9994,99.94,HIGH,BANK_AMOUNT_MISMATCH,0.0006,1,AI_AGREES_WITH_ENGINE,NORMAL_RECONCILIATION,LOW,AUTO-CLEARED,1,0,NO_EXCEPTION,1,1,1,1,1,0.0,0,1,1,1,1,0,0.0,0.0,0.0
PAY0408,NO_EXCEPTION,NO_EXCEPTION,0.9976,99.76,HIGH,BANK_AMOUNT_MISMATCH,0.0024,1,AI_AGREES_WITH_ENGINE,NORMAL_RECONCILIATION,LOW,AUTO-CLEARED,1,0,NO_EXCEPTION,1,1,1,1,1,0.0,0,1,1,1,1,0,0.0,0.0,0.0
PAY0409,NO_EXCEPTION,NO_EXCEPTION,0.9975,99.75,HIGH,BANK_AMOUNT_MISMATCH,0.0025,1,AI_AGREES_WITH_ENGINE,NORMAL_RECONCILIATION,LOW,AUTO-CLEARED,1,0,NO_EXCEPTION,1,1,1,1,1,0.0,0,1,1,1,1,0,0.0,0.0,0.0
PAY0410,NO_EXCEPTION,NO_EXCEPTION,0.9973,99.73,HIGH,BANK_AMOUNT_MISMATCH,0.0026,1,AI_AGREES_WITH_ENGINE,NORMAL_RECONCILIATION,LOW,AUTO-CLEARED,1,0,NO_EXCEPTION,1,1,1,1,1,0.0,0,1,1,1,1,0,0.0,0.0,0.0
PAY0411,DUPLICATE_BANK_TRANSACTION,DUPLICATE_BANK_TRANSACTION,0.9999,99.99,HIGH,NO_EXCEPTION,0.0001,1,AI_AGREES_WITH_ENGINE,CONFIRMED_EXCEPTION,MEDIUM,AUTO-CLASSIFIED EXCEPTION,1,0,DUPLICATE_BANK_TRANSACTION,1,1,1,1,2,0.0,0,1,1,1,2,1,0.0,0.0,0.0
PAY0412,MISSING_SETTLEMENT,MISSING_SETTLEMENT,0.8366,83.66,MEDIUM,NO_EXCEPTION,0.1627,1,AI_AGREES_WITH_ENGINE,CONFIRMED_EXCEPTION,HIGH,REVIEW RECOMMENDED,0,0,MISSING_SETTLEMENT,1,1,0,0,0,0.0,0,1,0,0,0,0,50.0,9.0,2441.0
PAY0413,NO_EXCEPTION,NO_EXCEPTION,0.9975,99.75,HIGH,BANK_AMOUNT_MISMATCH,0.0025,1,AI_AGREES_WITH_ENGINE,NORMAL_RECONCILIATION,LOW,AUTO-CLEARED,1,0,NO_EXCEPTION,1,1,1,1,1,0.0,0,1,1,1,1,0,0.0,0.0,0.0
PAY0414,NO_EXCEPTION,NO_EXCEPTION,0.9975,99.75,HIGH,BANK_AMOUNT_MISMATCH,0.0025,1,AI_AGREES_WITH_ENGINE,NORMAL_RECONCILIATION,LOW,AUTO-CLEARED,1,0,NO_EXCEPTION,1,1,1,1,1,0.0,0,1,1,1,1,0,0.0,0.0,0.0
PAY0415,NO_EXCEPTION,NO_EXCEPTION,0.9976,99.76,HIGH,BANK_AMOUNT_MISMATCH,0.0024,1,AI_AGREES_WITH_ENGINE,NORMAL_RECONCILIATION,LOW,AUTO-CLEARED,1,0,NO_EXCEPTION,1,1,1,1,1,0.0,0,1,1,1,1,0,0.0,0.0,0.0
PAY0416,NO_EXCEPTION,NO_EXCEPTION,0.9999,99.99,HIGH,BANK_AMOUNT_MISMATCH,0.0001,1,AI_AGREES_WITH_ENGINE,NORMAL_RECONCILIATION,LOW,AUTO-CLEARED,1,0,NO_EXCEPTION,1,1,1,1,1,0.0,0,1,1,1,1,0,0.0,0.0,0.0
PAY0417,DUPLICATE_BANK_TRANSACTION,DUPLICATE_BANK_TRANSACTION,0.9996,99.96,HIGH,NO_EXCEPTION,0.0004,1,AI_AGREES_WITH_ENGINE,CONFIRMED_EXCEPTION,MEDIUM,AUTO-CLASSIFIED EXCEPTION,1,0,DUPLICATE_BANK_TRANSACTION,1,1,1,1,2,0.0,0,1,1,1,2,1,0.0,0.0,0.0
PAY0418,NO_EXCEPTION,NO_EXCEPTION,0.9999,99.99,HIGH,BANK_AMOUNT_MISMATCH,0.0001,1,AI_AGREES_WITH_ENGINE,NORMAL_RECONCILIATION,LOW,AUTO-CLEARED,1,0,NO_EXCEPTION,1,1,1,1,1,0.0,0,1,1,1,1,0,0.0,0.0,0.0
PAY0419,NO_EXCEPTION,NO_EXCEPTION,0.9995,99.95,HIGH,BANK_AMOUNT_MISMATCH,0.0005,1,AI_AGREES_WITH_ENGINE,NORMAL_RECONCILIATION,LOW,AUTO-CLEARED,1,0,NO_EXCEPTION,1,1,1,1,1,0.0,0,1,1,1,1,0,0.0,0.0,0.0
PAY0420,NO_EXCEPTION,NO_EXCEPTION,0.9976,99.76,HIGH,BANK_AMOUNT_MISMATCH,0.0024,1,AI_AGREES_WITH_ENGINE,NORMAL_RECONCILIATION,LOW,AUTO-CLEARED,1,0,NO_EXCEPTION,1,1,1,1,1,0.0,0,1,1,1,1,0,0.0,0.0,0.0
PAY0421,NO_EXCEPTION,NO_EXCEPTION,0.994,99.4,HIGH,BANK_AMOUNT_MISMATCH,0.0059,1,AI_AGREES_WITH_ENGINE,NORMAL_RECONCILIATION,LOW,AUTO-CLEARED,1,0,NO_EXCEPTION,1,1,1,1,1,0.0,0,1,1,1,1,0,0.0,0.0,0.0
PAY0422,NO_EXCEPTION,NO_EXCEPTION,0.9999,99.99,HIGH,BANK_AMOUNT_MISMATCH,0.0001,1,AI_AGREES_WITH_ENGINE,NORMAL_RECONCILIATION,LOW,AUTO-CLEARED,1,0,NO_EXCEPTION,1,1,1,1,1,0.0,0,1,1,1,1,0,0.0,0.0,0.0
PAY0423,BANK_AMOUNT_MISMATCH,FEE_MISMATCH,0.9984,99.84,HIGH,NO_EXCEPTION,0.0016,0,AI_EXCEPTION_TYPE_DISAGREEMENT,EXCEPTION_CLASS_DISAGREEMENT,HIGH,MANDATORY REVIEW,0,1,BANK_AMOUNT_MISMATCH,1,0,1,1,1,400.0,0,1,1,1,1,0,0.0,0.0,0.0
PAY0424,UTR_MISMATCH,UTR_MISMATCH,0.9919,99.19,HIGH,NO_EXCEPTION,0.0078,1,AI_AGREES_WITH_ENGINE,CONFIRMED_EXCEPTION,MEDIUM,AUTO-CLASSIFIED EXCEPTION,1,0,UTR_MISMATCH,1,1,1,0,0,0.0,0,1,1,0,0,0,0.0,0.0,0.0
PAY0425,NO_EXCEPTION,NO_EXCEPTION,0.9989,99.89,HIGH,BANK_AMOUNT_MISMATCH,0.0011,1,AI_AGREES_WITH_ENGINE,NORMAL_RECONCILIATION,LOW,AUTO-CLEARED,1,0,NO_EXCEPTION,1,1,1,1,1,0.0,0,1,1,1,1,0,0.0,0.0,0.0
PAY0426,NO_EXCEPTION,NO_EXCEPTION,0.9999,99.99,HIGH,BANK_AMOUNT_MISMATCH,0.0001,1,AI_AGREES_WITH_ENGINE,NORMAL_RECONCILIATION,LOW,AUTO-CLEARED,1,0,NO_EXCEPTION,1,1,1,1,1,0.0,0,1,1,1,1,0,0.0,0.0,0.0
PAY0427,NO_EXCEPTION,NO_EXCEPTION,0.994,99.4,HIGH,BANK_AMOUNT_MISMATCH,0.0059,1,AI_AGREES_WITH_ENGINE,NORMAL_RECONCILIATION,LOW,AUTO-CLEARED,1,0,NO_EXCEPTION,1,1,1,1,1,0.0,0,1,1,1,1,0,0.0,0.0,0.0
PAY0428,NO_EXCEPTION,NO_EXCEPTION,0.9994,99.94,HIGH,BANK_AMOUNT_MISMATCH,0.0006,1,AI_AGREES_WITH_ENGINE,NORMAL_RECONCILIATION,LOW,AUTO-CLEARED,1,0,NO_EXCEPTION,1,1,1,1,1,0.0,0,1,1,1,1,0,0.0,0.0,0.0
PAY0429,UTR_MISMATCH,UTR_MISMATCH,0.9919,99.19,HIGH,NO_EXCEPTION,0.0078,1,AI_AGREES_WITH_ENGINE,CONFIRMED_EXCEPTION,MEDIUM,AUTO-CLASSIFIED EXCEPTION,1,0,UTR_MISMATCH,1,1,1,0,0,0.0,0,1,1,0,0,0,0.0,0.0,0.0
PAY0430,NO_EXCEPTION,NO_EXCEPTION,0.9997,99.97,HIGH,BANK_AMOUNT_MISMATCH,0.0003,1,AI_AGREES_WITH_ENGINE,NORMAL_RECONCILIATION,LOW,AUTO-CLEARED,1,0,NO_EXCEPTION,1,1,1,1,1,0.0,0,1,1,1,1,0,0.0,0.0,0.0
PAY0431,NO_EXCEPTION,NO_EXCEPTION,0.9999,99.99,HIGH,BANK_AMOUNT_MISMATCH,0.0001,1,AI_AGREES_WITH_ENGINE,NORMAL_RECONCILIATION,LOW,AUTO-CLEARED,1,0,NO_EXCEPTION,1,1,1,1,1,0.0,0,1,1,1,1,0,0.0,0.0,0.0
PAY0432,FEE_MISMATCH,FEE_MISMATCH,0.9999,99.99,HIGH,NO_EXCEPTION,0.0001,1,AI_AGREES_WITH_ENGINE,CONFIRMED_EXCEPTION,MEDIUM,AUTO-CLASSIFIED EXCEPTION,1,0,FEE_MISMATCH,1,1,1,1,1,300.0,0,1,1,1,1,0,300.0,0.0,300.0
PAY0433,NO_EXCEPTION,NO_EXCEPTION,0.9973,99.73,HIGH,BANK_AMOUNT_MISMATCH,0.0026,1,AI_AGREES_WITH_ENGINE,NORMAL_RECONCILIATION,LOW,AUTO-CLEARED,1,0,NO_EXCEPTION,1,1,1,1,1,0.0,0,1,1,1,1,0,0.0,0.0,0.0
PAY0434,NO_EXCEPTION,NO_EXCEPTION,0.9975,99.75,HIGH,BANK_AMOUNT_MISMATCH,0.0025,1,AI_AGREES_WITH_ENGINE,NORMAL_RECONCILIATION,LOW,AUTO-CLEARED,1,0,NO_EXCEPTION,1,1,1,1,1,0.0,0,1,1,1,1,0,0.0,0.0,0.0
PAY0435,NO_EXCEPTION,NO_EXCEPTION,0.9995,99.95,HIGH,BANK_AMOUNT_MISMATCH,0.0005,1,AI_AGREES_WITH_ENGINE,NORMAL_RECONCILIATION,LOW,AUTO-CLEARED,1,0,NO_EXCEPTION,1,1,1,1,1,0.0,0,1,1,1,1,0,0.0,0.0,0.0
PAY0436,NO_EXCEPTION,NO_EXCEPTION,0.9997,99.97,HIGH,BANK_AMOUNT_MISMATCH,0.0003,1,AI_AGREES_WITH_ENGINE,NORMAL_RECONCILIATION,LOW,AUTO-CLEARED,1,0,NO_EXCEPTION,1,1,1,1,1,0.0,0,1,1,1,1,0,0.0,0.0,0.0
PAY0437,NO_EXCEPTION,NO_EXCEPTION,0.9997,99.97,HIGH,BANK_AMOUNT_MISMATCH,0.0003,1,AI_AGREES_WITH_ENGINE,NORMAL_RECONCILIATION,LOW,AUTO-CLEARED,1,0,NO_EXCEPTION,1,1,1,1,1,0.0,0,1,1,1,1,0,0.0,0.0,0.0
PAY0438,NO_EXCEPTION,NO_EXCEPTION,0.9995,99.95,HIGH,BANK_AMOUNT_MISMATCH,0.0005,1,AI_AGREES_WITH_ENGINE,NORMAL_RECONCILIATION,LOW,AUTO-CLEARED,1,0,NO_EXCEPTION,1,1,1,1,1,0.0,0,1,1,1,1,0,0.0,0.0,0.0
PAY0439,NO_EXCEPTION,NO_EXCEPTION,0.994,99.4,HIGH,BANK_AMOUNT_MISMATCH,0.0059,1,AI_AGREES_WITH_ENGINE,NORMAL_RECONCILIATION,LOW,AUTO-CLEARED,1,0,NO_EXCEPTION,1,1,1,1,1,0.0,0,1,1,1,1,0,0.0,0.0,0.0
PAY0440,NO_EXCEPTION,NO_EXCEPTION,0.9973,99.73,HIGH,BANK_AMOUNT_MISMATCH,0.0026,1,AI_AGREES_WITH_ENGINE,NORMAL_RECONCILIATION,LOW,AUTO-CLEARED,1,0,NO_EXCEPTION,1,1,1,1,1,0.0,0,1,1,1,1,0,0.0,0.0,0.0
PAY0441,NO_EXCEPTION,NO_EXCEPTION,0.9984,99.84,HIGH,BANK_AMOUNT_MISMATCH,0.0015,1,AI_AGREES_WITH_ENGINE,NORMAL_RECONCILIATION,LOW,AUTO-CLEARED,1,0,NO_EXCEPTION,1,1,1,1,1,0.0,0,1,1,1,1,0,0.0,0.0,0.0
PAY0442,MISSING_SETTLEMENT,MISSING_SETTLEMENT,0.8616,86.16,MEDIUM,NO_EXCEPTION,0.1377,1,AI_AGREES_WITH_ENGINE,CONFIRMED_EXCEPTION,HIGH,REVIEW RECOMMENDED,0,0,MISSING_SETTLEMENT,1,1,0,0,0,0.0,0,1,0,0,0,0,400.0,72.0,19528.0
PAY0443,NO_EXCEPTION,NO_EXCEPTION,0.9999,99.99,HIGH,BANK_AMOUNT_MISMATCH,0.0001,1,AI_AGREES_WITH_ENGINE,NORMAL_RECONCILIATION,LOW,AUTO-CLEARED,1,0,NO_EXCEPTION,1,1,1,1,1,0.0,0,1,1,1,1,0,0.0,0.0,0.0
PAY0444,NO_EXCEPTION,NO_EXCEPTION,0.9994,99.94,HIGH,BANK_AMOUNT_MISMATCH,0.0006,1,AI_AGREES_WITH_ENGINE,NORMAL_RECONCILIATION,LOW,AUTO-CLEARED,1,0,NO_EXCEPTION,1,1,1,1,1,0.0,0,1,1,1,1,0,0.0,0.0,0.0
PAY0445,NO_EXCEPTION,NO_EXCEPTION,0.9975,99.75,HIGH,BANK_AMOUNT_MISMATCH,0.0025,1,AI_AGREES_WITH_ENGINE,NORMAL_RECONCILIATION,LOW,AUTO-CLEARED,1,0,NO_EXCEPTION,1,1,1,1,1,0.0,0,1,1,1,1,0,0.0,0.0,0.0
PAY0446,NO_EXCEPTION,NO_EXCEPTION,0.9994,99.94,HIGH,BANK_AMOUNT_MISMATCH,0.0006,1,AI_AGREES_WITH_ENGINE,NORMAL_RECONCILIATION,LOW,AUTO-CLEARED,1,0,NO_EXCEPTION,1,1,1,1,1,0.0,0,1,1,1,1,0,0.0,0.0,0.0
PAY0447,NO_EXCEPTION,NO_EXCEPTION,0.9975,99.75,HIGH,BANK_AMOUNT_MISMATCH,0.0025,1,AI_AGREES_WITH_ENGINE,NORMAL_RECONCILIATION,LOW,AUTO-CLEARED,1,0,NO_EXCEPTION,1,1,1,1,1,0.0,0,1,1,1,1,0,0.0,0.0,0.0
PAY0448,NO_EXCEPTION,NO_EXCEPTION,0.9995,99.95,HIGH,BANK_AMOUNT_MISMATCH,0.0005,1,AI_AGREES_WITH_ENGINE,NORMAL_RECONCILIATION,LOW,AUTO-CLEARED,1,0,NO_EXCEPTION,1,1,1,1,1,0.0,0,1,1,1,1,0,0.0,0.0,0.0
PAY0449,NO_EXCEPTION,NO_EXCEPTION,0.9976,99.76,HIGH,BANK_AMOUNT_MISMATCH,0.0024,1,AI_AGREES_WITH_ENGINE,NORMAL_RECONCILIATION,LOW,AUTO-CLEARED,1,0,NO_EXCEPTION,1,1,1,1,1,0.0,0,1,1,1,1,0,0.0,0.0,0.0
PAY0450,NO_EXCEPTION,NO_EXCEPTION,0.9984,99.84,HIGH,BANK_AMOUNT_MISMATCH,0.0015,1,AI_AGREES_WITH_ENGINE,NORMAL_RECONCILIATION,LOW,AUTO-CLEARED,1,0,NO_EXCEPTION,1,1,1,1,1,0.0,0,1,1,1,1,0,0.0,0.0,0.0
PAY0451,NO_EXCEPTION,NO_EXCEPTION,0.9997,99.97,HIGH,BANK_AMOUNT_MISMATCH,0.0003,1,AI_AGREES_WITH_ENGINE,NORMAL_RECONCILIATION,LOW,AUTO-CLEARED,1,0,NO_EXCEPTION,1,1,1,1,1,0.0,0,1,1,1,1,0,0.0,0.0,0.0
PAY0452,NO_EXCEPTION,NO_EXCEPTION,0.9973,99.73,HIGH,BANK_AMOUNT_MISMATCH,0.0026,1,AI_AGREES_WITH_ENGINE,NORMAL_RECONCILIATION,LOW,AUTO-CLEARED,1,0,NO_EXCEPTION,1,1,1,1,1,0.0,0,1,1,1,1,0,0.0,0.0,0.0
PAY0453,NO_EXCEPTION,NO_EXCEPTION,0.9975,99.75,HIGH,BANK_AMOUNT_MISMATCH,0.0025,1,AI_AGREES_WITH_ENGINE,NORMAL_RECONCILIATION,LOW,AUTO-CLEARED,1,0,NO_EXCEPTION,1,1,1,1,1,0.0,0,1,1,1,1,0,0.0,0.0,0.0
PAY0454,NO_EXCEPTION,NO_EXCEPTION,0.9973,99.73,HIGH,BANK_AMOUNT_MISMATCH,0.0026,1,AI_AGREES_WITH_ENGINE,NORMAL_RECONCILIATION,LOW,AUTO-CLEARED,1,0,NO_EXCEPTION,1,1,1,1,1,0.0,0,1,1,1,1,0,0.0,0.0,0.0
PAY0455,NO_EXCEPTION,NO_EXCEPTION,0.9994,99.94,HIGH,BANK_AMOUNT_MISMATCH,0.0006,1,AI_AGREES_WITH_ENGINE,NORMAL_RECONCILIATION,LOW,AUTO-CLEARED,1,0,NO_EXCEPTION,1,1,1,1,1,0.0,0,1,1,1,1,0,0.0,0.0,0.0
PAY0456,NO_EXCEPTION,NO_EXCEPTION,0.9975,99.75,HIGH,BANK_AMOUNT_MISMATCH,0.0025,1,AI_AGREES_WITH_ENGINE,NORMAL_RECONCILIATION,LOW,AUTO-CLEARED,1,0,NO_EXCEPTION,1,1,1,1,1,0.0,0,1,1,1,1,0,0.0,0.0,0.0
PAY0457,NO_EXCEPTION,NO_EXCEPTION,0.9997,99.97,HIGH,BANK_AMOUNT_MISMATCH,0.0003,1,AI_AGREES_WITH_ENGINE,NORMAL_RECONCILIATION,LOW,AUTO-CLEARED,1,0,NO_EXCEPTION,1,1,1,1,1,0.0,0,1,1,1,1,0,0.0,0.0,0.0
PAY0458,NO_EXCEPTION,NO_EXCEPTION,0.9975,99.75,HIGH,BANK_AMOUNT_MISMATCH,0.0025,1,AI_AGREES_WITH_ENGINE,NORMAL_RECONCILIATION,LOW,AUTO-CLEARED,1,0,NO_EXCEPTION,1,1,1,1,1,0.0,0,1,1,1,1,0,0.0,0.0,0.0
PAY0459,NO_EXCEPTION,NO_EXCEPTION,0.9994,99.94,HIGH,BANK_AMOUNT_MISMATCH,0.0006,1,AI_AGREES_WITH_ENGINE,NORMAL_RECONCILIATION,LOW,AUTO-CLEARED,1,0,NO_EXCEPTION,1,1,1,1,1,0.0,0,1,1,1,1,0,0.0,0.0,0.0
PAY0460,NO_EXCEPTION,NO_EXCEPTION,0.9975,99.75,HIGH,BANK_AMOUNT_MISMATCH,0.0025,1,AI_AGREES_WITH_ENGINE,NORMAL_RECONCILIATION,LOW,AUTO-CLEARED,1,0,NO_EXCEPTION,1,1,1,1,1,0.0,0,1,1,1,1,0,0.0,0.0,0.0
PAY0461,NO_EXCEPTION,NO_EXCEPTION,0.9976,99.76,HIGH,BANK_AMOUNT_MISMATCH,0.0024,1,AI_AGREES_WITH_ENGINE,NORMAL_RECONCILIATION,LOW,AUTO-CLEARED,1,0,NO_EXCEPTION,1,1,1,1,1,0.0,0,1,1,1,1,0,0.0,0.0,0.0
PAY0462,NO_EXCEPTION,NO_EXCEPTION,0.9976,99.76,HIGH,BANK_AMOUNT_MISMATCH,0.0024,1,AI_AGREES_WITH_ENGINE,NORMAL_RECONCILIATION,LOW,AUTO-CLEARED,1,0,NO_EXCEPTION,1,1,1,1,1,0.0,0,1,1,1,1,0,0.0,0.0,0.0
PAY0463,NO_EXCEPTION,NO_EXCEPTION,0.9999,99.99,HIGH,BANK_AMOUNT_MISMATCH,0.0001,1,AI_AGREES_WITH_ENGINE,NORMAL_RECONCILIATION,LOW,AUTO-CLEARED,1,0,NO_EXCEPTION,1,1,1,1,1,0.0,0,1,1,1,1,0,0.0,0.0,0.0
PAY0464,NO_EXCEPTION,NO_EXCEPTION,0.9973,99.73,HIGH,BANK_AMOUNT_MISMATCH,0.0026,1,AI_AGREES_WITH_ENGINE,NORMAL_RECONCILIATION,LOW,AUTO-CLEARED,1,0,NO_EXCEPTION,1,1,1,1,1,0.0,0,1,1,1,1,0,0.0,0.0,0.0
PAY0465,NO_EXCEPTION,NO_EXCEPTION,0.9997,99.97,HIGH,BANK_AMOUNT_MISMATCH,0.0003,1,AI_AGREES_WITH_ENGINE,NORMAL_RECONCILIATION,LOW,AUTO-CLEARED,1,0,NO_EXCEPTION,1,1,1,1,1,0.0,0,1,1,1,1,0,0.0,0.0,0.0
PAY0466,NO_EXCEPTION,NO_EXCEPTION,0.994,99.4,HIGH,BANK_AMOUNT_MISMATCH,0.0059,1,AI_AGREES_WITH_ENGINE,NORMAL_RECONCILIATION,LOW,AUTO-CLEARED,1,0,NO_EXCEPTION,1,1,1,1,1,0.0,0,1,1,1,1,0,0.0,0.0,0.0
PAY0467,NO_EXCEPTION,NO_EXCEPTION,0.994,99.4,HIGH,BANK_AMOUNT_MISMATCH,0.0059,1,AI_AGREES_WITH_ENGINE,NORMAL_RECONCILIATION,LOW,AUTO-CLEARED,1,0,NO_EXCEPTION,1,1,1,1,1,0.0,0,1,1,1,1,0,0.0,0.0,0.0
PAY0468,UTR_MISMATCH,UTR_MISMATCH,0.974,97.4,HIGH,NO_EXCEPTION,0.0257,1,AI_AGREES_WITH_ENGINE,CONFIRMED_EXCEPTION,MEDIUM,AUTO-CLASSIFIED EXCEPTION,1,0,UTR_MISMATCH,1,1,1,0,0,0.0,0,1,1,0,0,0,0.0,0.0,0.0
PAY0469,MISSING_SETTLEMENT,MISSING_SETTLEMENT,0.8616,86.16,MEDIUM,NO_EXCEPTION,0.1377,1,AI_AGREES_WITH_ENGINE,CONFIRMED_EXCEPTION,HIGH,REVIEW RECOMMENDED,0,0,MISSING_SETTLEMENT,1,1,0,0,0,0.0,0,1,0,0,0,0,300.0,54.0,14646.0
PAY0470,BANK_AMOUNT_MISMATCH,FEE_MISMATCH,0.9996,99.96,HIGH,NO_EXCEPTION,0.0004,0,AI_EXCEPTION_TYPE_DISAGREEMENT,EXCEPTION_CLASS_DISAGREEMENT,HIGH,MANDATORY REVIEW,0,1,BANK_AMOUNT_MISMATCH,1,0,1,1,1,400.0,0,1,1,1,1,0,0.0,0.0,0.0
PAY0471,NO_EXCEPTION,NO_EXCEPTION,0.9994,99.94,HIGH,BANK_AMOUNT_MISMATCH,0.0006,1,AI_AGREES_WITH_ENGINE,NORMAL_RECONCILIATION,LOW,AUTO-CLEARED,1,0,NO_EXCEPTION,1,1,1,1,1,0.0,0,1,1,1,1,0,0.0,0.0,0.0
PAY0472,NO_EXCEPTION,NO_EXCEPTION,0.9999,99.99,HIGH,BANK_AMOUNT_MISMATCH,0.0001,1,AI_AGREES_WITH_ENGINE,NORMAL_RECONCILIATION,LOW,AUTO-CLEARED,1,0,NO_EXCEPTION,1,1,1,1,1,0.0,0,1,1,1,1,0,0.0,0.0,0.0
PAY0473,NO_EXCEPTION,NO_EXCEPTION,0.9989,99.89,HIGH,BANK_AMOUNT_MISMATCH,0.0011,1,AI_AGREES_WITH_ENGINE,NORMAL_RECONCILIATION,LOW,AUTO-CLEARED,1,0,NO_EXCEPTION,1,1,1,1,1,0.0,0,1,1,1,1,0,0.0,0.0,0.0
PAY0474,NO_EXCEPTION,NO_EXCEPTION,0.9973,99.73,HIGH,BANK_AMOUNT_MISMATCH,0.0026,1,AI_AGREES_WITH_ENGINE,NORMAL_RECONCILIATION,LOW,AUTO-CLEARED,1,0,NO_EXCEPTION,1,1,1,1,1,0.0,0,1,1,1,1,0,0.0,0.0,0.0
PAY0475,NO_EXCEPTION,NO_EXCEPTION,0.9994,99.94,HIGH,BANK_AMOUNT_MISMATCH,0.0006,1,AI_AGREES_WITH_ENGINE,NORMAL_RECONCILIATION,LOW,AUTO-CLEARED,1,0,NO_EXCEPTION,1,1,1,1,1,0.0,0,1,1,1,1,0,0.0,0.0,0.0
PAY0476,FEE_MISMATCH,FEE_MISMATCH,0.9999,99.99,HIGH,NO_EXCEPTION,0.0001,1,AI_AGREES_WITH_ENGINE,CONFIRMED_EXCEPTION,MEDIUM,AUTO-CLASSIFIED EXCEPTION,1,0,FEE_MISMATCH,1,1,1,1,1,300.0,0,1,1,1,1,0,300.0,0.0,300.0
PAY0477,NO_EXCEPTION,NO_EXCEPTION,0.9999,99.99,HIGH,BANK_AMOUNT_MISMATCH,0.0001,1,AI_AGREES_WITH_ENGINE,NORMAL_RECONCILIATION,LOW,AUTO-CLEARED,1,0,NO_EXCEPTION,1,1,1,1,1,0.0,0,1,1,1,1,0,0.0,0.0,0.0
PAY0478,NO_EXCEPTION,NO_EXCEPTION,0.9973,99.73,HIGH,BANK_AMOUNT_MISMATCH,0.0026,1,AI_AGREES_WITH_ENGINE,NORMAL_RECONCILIATION,LOW,AUTO-CLEARED,1,0,NO_EXCEPTION,1,1,1,1,1,0.0,0,1,1,1,1,0,0.0,0.0,0.0
PAY0479,NO_EXCEPTION,NO_EXCEPTION,0.9999,99.99,HIGH,BANK_AMOUNT_MISMATCH,0.0001,1,AI_AGREES_WITH_ENGINE,NORMAL_RECONCILIATION,LOW,AUTO-CLEARED,1,0,NO_EXCEPTION,1,1,1,1,1,0.0,0,1,1,1,1,0,0.0,0.0,0.0
PAY0480,NO_EXCEPTION,NO_EXCEPTION,0.994,99.4,HIGH,BANK_AMOUNT_MISMATCH,0.0059,1,AI_AGREES_WITH_ENGINE,NORMAL_RECONCILIATION,LOW,AUTO-CLEARED,1,0,NO_EXCEPTION,1,1,1,1,1,0.0,0,1,1,1,1,0,0.0,0.0,0.0
PAY0481,FEE_MISMATCH,FEE_MISMATCH,0.9999,99.99,HIGH,NO_EXCEPTION,0.0001,1,AI_AGREES_WITH_ENGINE,CONFIRMED_EXCEPTION,MEDIUM,AUTO-CLASSIFIED EXCEPTION,1,0,FEE_MISMATCH,1,1,1,1,1,300.0,0,1,1,1,1,0,300.0,0.0,300.0
PAY0482,NO_EXCEPTION,NO_EXCEPTION,0.9976,99.76,HIGH,BANK_AMOUNT_MISMATCH,0.0024,1,AI_AGREES_WITH_ENGINE,NORMAL_RECONCILIATION,LOW,AUTO-CLEARED,1,0,NO_EXCEPTION,1,1,1,1,1,0.0,0,1,1,1,1,0,0.0,0.0,0.0
PAY0483,NO_EXCEPTION,NO_EXCEPTION,0.9984,99.84,HIGH,BANK_AMOUNT_MISMATCH,0.0015,1,AI_AGREES_WITH_ENGINE,NORMAL_RECONCILIATION,LOW,AUTO-CLEARED,1,0,NO_EXCEPTION,1,1,1,1,1,0.0,0,1,1,1,1,0,0.0,0.0,0.0
PAY0484,UTR_MISMATCH,UTR_MISMATCH,0.9919,99.19,HIGH,NO_EXCEPTION,0.0078,1,AI_AGREES_WITH_ENGINE,CONFIRMED_EXCEPTION,MEDIUM,AUTO-CLASSIFIED EXCEPTION,1,0,UTR_MISMATCH,1,1,1,0,0,0.0,0,1,1,0,0,0,0.0,0.0,0.0
PAY0485,NO_EXCEPTION,NO_EXCEPTION,0.994,99.4,HIGH,BANK_AMOUNT_MISMATCH,0.0059,1,AI_AGREES_WITH_ENGINE,NORMAL_RECONCILIATION,LOW,AUTO-CLEARED,1,0,NO_EXCEPTION,1,1,1,1,1,0.0,0,1,1,1,1,0,0.0,0.0,0.0
PAY0486,MISSING_SETTLEMENT,MISSING_SETTLEMENT,0.8364,83.64,MEDIUM,NO_EXCEPTION,0.163,1,AI_AGREES_WITH_ENGINE,CONFIRMED_EXCEPTION,HIGH,REVIEW RECOMMENDED,0,0,MISSING_SETTLEMENT,1,1,0,0,0,0.0,0,1,0,0,0,0,150.0,27.0,7323.0
PAY0487,NO_EXCEPTION,NO_EXCEPTION,0.9989,99.89,HIGH,BANK_AMOUNT_MISMATCH,0.0011,1,AI_AGREES_WITH_ENGINE,NORMAL_RECONCILIATION,LOW,AUTO-CLEARED,1,0,NO_EXCEPTION,1,1,1,1,1,0.0,0,1,1,1,1,0,0.0,0.0,0.0
PAY0488,NO_EXCEPTION,NO_EXCEPTION,0.9994,99.94,HIGH,BANK_AMOUNT_MISMATCH,0.0006,1,AI_AGREES_WITH_ENGINE,NORMAL_RECONCILIATION,LOW,AUTO-CLEARED,1,0,NO_EXCEPTION,1,1,1,1,1,0.0,0,1,1,1,1,0,0.0,0.0,0.0
PAY0489,NO_EXCEPTION,NO_EXCEPTION,0.9989,99.89,HIGH,BANK_AMOUNT_MISMATCH,0.0011,1,AI_AGREES_WITH_ENGINE,NORMAL_RECONCILIATION,LOW,AUTO-CLEARED,1,0,NO_EXCEPTION,1,1,1,1,1,0.0,0,1,1,1,1,0,0.0,0.0,0.0
PAY0490,NO_EXCEPTION,NO_EXCEPTION,0.994,99.4,HIGH,BANK_AMOUNT_MISMATCH,0.0059,1,AI_AGREES_WITH_ENGINE,NORMAL_RECONCILIATION,LOW,AUTO-CLEARED,1,0,NO_EXCEPTION,1,1,1,1,1,0.0,0,1,1,1,1,0,0.0,0.0,0.0
PAY0491,UTR_MISMATCH,UTR_MISMATCH,0.974,97.4,HIGH,NO_EXCEPTION,0.0257,1,AI_AGREES_WITH_ENGINE,CONFIRMED_EXCEPTION,MEDIUM,AUTO-CLASSIFIED EXCEPTION,1,0,UTR_MISMATCH,1,1,1,0,0,0.0,0,1,1,0,0,0,0.0,0.0,0.0
PAY0492,NO_EXCEPTION,NO_EXCEPTION,0.9999,99.99,HIGH,BANK_AMOUNT_MISMATCH,0.0001,1,AI_AGREES_WITH_ENGINE,NORMAL_RECONCILIATION,LOW,AUTO-CLEARED,1,0,NO_EXCEPTION,1,1,1,1,1,0.0,0,1,1,1,1,0,0.0,0.0,0.0
PAY0493,NO_EXCEPTION,NO_EXCEPTION,0.9994,99.94,HIGH,BANK_AMOUNT_MISMATCH,0.0006,1,AI_AGREES_WITH_ENGINE,NORMAL_RECONCILIATION,LOW,AUTO-CLEARED,1,0,NO_EXCEPTION,1,1,1,1,1,0.0,0,1,1,1,1,0,0.0,0.0,0.0
PAY0494,FEE_MISMATCH,FEE_MISMATCH,0.9999,99.99,HIGH,NO_EXCEPTION,0.0001,1,AI_AGREES_WITH_ENGINE,CONFIRMED_EXCEPTION,MEDIUM,AUTO-CLASSIFIED EXCEPTION,1,0,FEE_MISMATCH,1,1,1,1,1,300.0,0,1,1,1,1,0,300.0,0.0,300.0
PAY0495,NO_EXCEPTION,NO_EXCEPTION,0.9994,99.94,HIGH,BANK_AMOUNT_MISMATCH,0.0006,1,AI_AGREES_WITH_ENGINE,NORMAL_RECONCILIATION,LOW,AUTO-CLEARED,1,0,NO_EXCEPTION,1,1,1,1,1,0.0,0,1,1,1,1,0,0.0,0.0,0.0
PAY0496,NO_EXCEPTION,NO_EXCEPTION,0.9995,99.95,HIGH,BANK_AMOUNT_MISMATCH,0.0005,1,AI_AGREES_WITH_ENGINE,NORMAL_RECONCILIATION,LOW,AUTO-CLEARED,1,0,NO_EXCEPTION,1,1,1,1,1,0.0,0,1,1,1,1,0,0.0,0.0,0.0
PAY0497,NO_EXCEPTION,NO_EXCEPTION,0.9995,99.95,HIGH,BANK_AMOUNT_MISMATCH,0.0005,1,AI_AGREES_WITH_ENGINE,NORMAL_RECONCILIATION,LOW,AUTO-CLEARED,1,0,NO_EXCEPTION,1,1,1,1,1,0.0,0,1,1,1,1,0,0.0,0.0,0.0
PAY0498,NO_EXCEPTION,NO_EXCEPTION,0.9984,99.84,HIGH,BANK_AMOUNT_MISMATCH,0.0015,1,AI_AGREES_WITH_ENGINE,NORMAL_RECONCILIATION,LOW,AUTO-CLEARED,1,0,NO_EXCEPTION,1,1,1,1,1,0.0,0,1,1,1,1,0,0.0,0.0,0.0
PAY0499,DUPLICATE_BANK_TRANSACTION,DUPLICATE_BANK_TRANSACTION,0.9996,99.96,HIGH,NO_EXCEPTION,0.0004,1,AI_AGREES_WITH_ENGINE,CONFIRMED_EXCEPTION,MEDIUM,AUTO-CLASSIFIED EXCEPTION,1,0,DUPLICATE_BANK_TRANSACTION,1,1,1,1,2,0.0,0,1,1,1,2,1,0.0,0.0,0.0
PAY0500,NO_EXCEPTION,NO_EXCEPTION,0.9989,99.89,HIGH,BANK_AMOUNT_MISMATCH,0.0011,1,AI_AGREES_WITH_ENGINE,NORMAL_RECONCILIATION,LOW,AUTO-CLEARED,1,0,NO_EXCEPTION,1,1,1,1,1,0.0,0,1,1,1,1,0,0.0,0.0,0.0
